id,cost,ownerName,numberOfItems,createdAt
88d06a15-4760-4e9e-a4d4-5849d1fd2736,720,Doralynne,44,2020-04-09
e673ad3b-def4-4b4a-aee8-ccba65ec3470,862,Kylynn,14,2020-12-04
5fe1edc7-cb6b-4c51-8001-7ec8a3dda517,754,Ethel,22,2021-04-19
644ef6d9-7cae-484d-ae1a-ac85d78a4141,993,Anestassia,55,2021-01-13
df5227f9-dd05-4fa5-a8d1-247270031449,928,Annecorinne,97,2021-03-07
91b8e229-1c5c-48e7-92c9-4fb613314c72,314,Cissiee,82,2020-03-08
ab39a84c-7beb-464a-80d8-919d79b20935,715,Rhea,92,2021-01-26
3dff415e-10b4-4d3b-8838-db2b8a149a2b,640,Anallese,2,2021-03-15
89ee3d68-24ed-4b41-a766-78b599286c44,638,Renae,81,2020-06-24
86053290-f465-45bb-8cdd-6b8773cf4b30,237,Stacey,28,2021-03-12
0b3edc53-e280-4959-8bc8-86c3fec84001,726,Angela,78,2020-07-09
556cfb3b-ea88-41c7-8b8e-5da3620f4d6f,417,Kate,50,2021-06-07
55243258-2f31-48ad-8830-54db24ec64de,359,Melina,45,2021-03-24
60eb1dd1-f48e-4909-b7fb-a0d8d0962357,113,Barbara,87,2020-06-01
62b3450f-bffc-41f6-85e1-653276a8d29a,524,Lenna,14,2020-08-06
c90ea890-7b32-4801-88b9-be5d9bdfa1a1,719,Benita,16,2020-04-30
a951d9a4-2309-431a-a232-e11fc3b6d040,423,Quintina,94,2021-06-06
96280c69-0107-4a38-a6e8-6a4bf14e60cc,303,Violet,85,2020-05-21
570bc50c-70ab-47d0-a863-3fe68158bae3,591,Chastity,92,2020-03-21
09bd258f-c9f6-496e-8c1f-904e87c1bfa6,432,Kassey,60,2021-04-30
1e8f3b57-7d8e-4823-a328-e01568204f76,170,Stacey,48,2020-06-25
5211e63f-d968-4b99-b8d7-3ea8abe7729e,935,Maisey,21,2020-10-21
2b4876dc-4850-4260-abe2-cd75b3069f6a,766,Teriann,37,2020-04-18
5d88aaf7-4e81-4f03-9285-cb0fa0b17d77,687,Fanny,60,2020-01-12
d8a73196-eb0f-43d0-b48e-3d15c3006797,599,Hannis,71,2020-01-19
6ad0bb0a-6046-4a70-861f-df1ada643b83,681,Judy,83,2020-12-15
c5bc609e-e4ac-4bca-9a91-b595adbec86f,444,Alie,77,2021-03-20
06925bd7-c588-425a-a5c1-5ef8d3c176a4,785,Janis,66,2020-06-27
2f60ce51-df54-4df8-b8f2-3e1b52f0f261,680,Ayn,95,2021-01-05
6de75c6a-8772-4298-a260-04057ef7fbfe,275,Sybille,20,2020-12-19
85a779c8-e8c3-4ee6-a925-a1a5bb3d2ae6,233,Agathe,33,2021-02-15
01e5960f-7c28-40ca-a792-423857bacd83,550,Marita,31,2021-03-16
c9c9d997-fa98-4985-9ee7-52303d43eb28,779,Theodora,97,2020-03-29
f6932155-9956-4a0f-8f33-df7b2f356dd0,281,Bibby,2,2020-07-20
f5b903f9-492b-4c6a-8267-b91208a1f360,699,Hannis,80,2020-03-09
af07eb04-199e-4793-92f5-e66d7e8d5f44,539,Ottilie,59,2020-12-31
0032ffc9-5610-4f30-aacd-708c534f64fb,664,Viviene,60,2020-04-24
7f02813c-f6f9-45f9-b8c3-84357c8f4757,421,Elmira,29,2021-03-05
78fe8ce8-f89c-4bcb-adb0-ab79cd86e9ba,720,Courtnay,96,2020-01-26
12336f64-8b4c-4835-8cfb-1a6c2f81c1ad,150,Hallie,88,2020-07-11
be2bed98-5162-43ed-89fa-b6b680ee849c,784,Anestassia,10,2020-03-08
576c311b-11e1-4034-bbcb-d03d4e8377a5,147,Vevay,18,2020-03-11
ad86806d-512f-4072-88f3-aacadc39cc4a,402,Sean,93,2021-04-12
1d6779fa-0d50-4dda-8063-52184b7aaba8,584,Emmey,21,2020-01-06
b1a180ec-9a00-448a-9395-5b51ff3dc941,690,Meriel,36,2021-03-11
49f32ad5-7bcc-4e76-a9db-48310728d75a,809,Devina,24,2020-07-22
b5a22334-4f08-424f-94cd-a0c57980d134,107,Aurelie,58,2021-03-15
ff46de37-940c-4240-94f2-3bde62c54606,751,Beatriz,94,2020-02-22
1e53d2ec-d23e-48ea-b1d7-d6b99fbbff81,577,Blake,72,2020-06-18
f4b5d96c-e7d7-43cb-9779-0f0e7f5494f9,592,Kenna,85,2020-07-11
24438866-2170-438b-aa41-3b773b9cb5f4,494,Miquela,42,2020-04-24
0a534669-6dfc-43bb-9b19-1826f5d1df45,381,Maryellen,50,2020-04-20
0cb822e5-f3e1-49a8-b578-79badfe321ba,816,Tina,2,2020-07-25
16bee354-fbee-45b1-9210-7afdbe624ee5,533,Myriam,54,2020-09-16
1cde70c0-5aaf-4570-ae9b-97f7cfddaab7,421,Jemie,54,2020-01-18
f55d76a5-bafb-4f39-8f05-b51669650d90,878,Dianemarie,31,2021-01-23
aa748c94-4538-42b0-86c6-e1828bae78e4,905,Aryn,17,2020-06-27
72c8669f-450e-4ffb-94b0-377ff05de054,463,Debee,68,2021-04-24
8a1167c9-b328-42e5-9ef4-95401af1de5d,155,Sandie,54,2020-07-23
6be4c159-231f-42c6-86c2-4930ff80e2d9,463,Priscilla,36,2021-05-20
0617d276-66a9-4ab0-9335-fc3837f24cc1,868,Frieda,44,2020-01-19
ff1b042b-ad67-4cdf-8714-8043c84216e0,122,Annecorinne,52,2020-06-06
095b91b2-c7e4-462a-ab11-8a59e8a1b67f,801,Myriam,11,2020-01-15
e3c7f2ce-bc8c-443a-a373-6fee5e3c8086,734,Dione,3,2021-01-05
c0907e08-bfb0-4164-80b4-c7e248f373e6,228,Hallie,64,2020-03-15
d6af8434-b182-4e55-bdd8-7b4cb9c8c7b4,455,Elise,29,2020-10-22
95736bf5-bcab-405c-a6d2-c9b4667bd6a3,583,Darci,3,2020-07-09
b2b7e2e7-0e71-44ff-a47f-fef71761ccfa,285,Vivia,71,2020-11-14
bdd34ee9-90f5-4f79-8cde-d4e8ecd39aa8,471,Phylis,39,2021-04-29
aaea6393-85bb-4965-a7f0-e853101a41a1,930,Renie,35,2021-05-13
f070ac29-e347-4c74-bc2f-d6af8fc4a72f,558,Dianemarie,7,2021-02-04
8f59d95f-da22-4010-9736-eeb58995b850,745,Janeczka,3,2021-04-23
0a36365c-936d-4072-bb50-d4b529caa96a,331,Aurore,32,2021-05-23
6440b557-5179-4138-aa87-4abf4a275d8b,159,Mamie,13,2020-03-10
2207aca2-6f35-455a-8952-658e96ab90f2,901,Aigneis,93,2020-04-23
c89a7b2b-7c30-4a57-87b8-2e613f6bfebb,997,Teriann,92,2020-07-23
cf1369e7-7ced-4658-9d59-6d4e31222103,314,Susan,65,2021-03-04
57d1a4a8-9bad-454e-8acc-4a1558efd473,420,Maisey,99,2020-04-03
7277187f-12a2-4547-8b03-57b972341b30,925,Konstance,46,2020-05-22
6b5072af-0b2b-485a-8a2f-6d08e4e3b34f,299,Rhea,31,2020-10-15
2fd53a30-da36-4141-9bf0-f09fcd5ff76d,898,Flo,83,2020-11-28
1f04d7a6-eb86-4208-af07-9170d7700238,480,Beverley,13,2021-01-23
20d5aef0-12c6-4eee-acd9-20ce40d91098,453,Aili,61,2020-07-27
da688912-9f1c-43ec-b894-10cb182a0391,901,Ada,33,2020-12-31
bcada522-950d-43ab-9047-2f9d684437c2,852,Cissiee,63,2020-08-23
ec0141e3-2b81-43c6-8b32-f450622e81e8,276,Lyssa,58,2020-07-14
5c2248e2-4099-4f16-8601-4c558308b8a7,428,Elora,31,2021-03-24
7e5138df-9446-4177-ad77-a3843e0fae23,709,Henriette,36,2020-02-13
6a1d5e51-e739-485c-88b8-eb8b04764f08,364,Fidelia,53,2020-07-27
fb52ad02-f9d0-4d91-9f47-ddf44a56d2d1,587,Jan,70,2020-09-02
0d81c198-0fc1-4956-8838-bac09fec5846,577,Gloria,69,2021-05-10
c453a064-2c07-40cf-9f15-60c017c1f777,510,Madelle,56,2021-01-28
f342097b-2294-4d18-8081-1d493e4718a7,678,Hallie,80,2020-03-31
28b3d748-7c11-48bb-8f13-bf497a6e9bdb,752,Fernande,98,2020-09-25
229c270d-0204-41e3-8c07-ac411477bc09,963,Jacquetta,34,2020-05-26
b955cbac-35ec-4c79-8548-8e3f69c22f94,388,Dolli,93,2020-11-26
455da786-da62-4263-a814-b198ca344340,633,Fawne,17,2020-03-10
555ece8f-92e3-40db-b46a-cfd0642778d8,767,Phylis,54,2020-05-11
b3ece256-e246-4419-b3c0-e775f72df346,334,Rivalee,95,2020-04-29
ed1a1608-9250-453a-ba08-7a5d17b49a15,493,Raquela,53,2020-06-14
bf18a448-2316-4bf5-9d38-e2ad85e39602,545,Shandie,18,2021-03-23
9eeeae49-ab7c-465d-a159-9e4da31027a6,385,Donnie,72,2021-03-18
eb6acc82-4acb-4525-b839-b375e284c482,545,Briney,93,2020-09-29
7d2fb172-748a-4fdd-b1a5-8d6cad456bc2,338,Nannie,78,2020-01-03
77f12476-bab2-4e72-af0d-016c7c7bb840,567,Ninnetta,88,2020-10-27
91bebf9c-cde7-41c7-aaf8-cc5bb96a975d,863,Sam,55,2020-04-18
dcfcdc8e-4d5b-492b-88eb-92c76c3719a0,252,Marylou,55,2021-05-17
68dfc329-eb4b-458a-97e0-256b15d98a66,633,Fawne,51,2020-08-16
7c5dcff5-59d7-4d98-8458-007e269bc0ec,484,Nerta,91,2020-02-06
43a2fdfa-3cb2-432f-ab8e-e5e0d3cfe9a4,281,Pollyanna,3,2021-03-31
4ada2694-bef3-480c-8a3b-be1ccd0850ec,173,Ardys,86,2020-01-27
235b0901-ef4f-482f-ab5f-676a9f3cd028,634,Demetris,50,2020-03-22
7794848a-9005-4afe-8d3a-4a5e625934d2,589,Annecorinne,83,2020-08-12
c8d0bc13-0f9c-4b84-ba77-2dc3cb481b6f,562,Fred,10,2020-12-09
1ae914fb-6229-4fa2-aeb6-e5f882390e35,516,Darlleen,33,2020-07-01
fbd109dc-098c-454c-931f-d0d8e6929ea3,877,Rhea,82,2020-10-09
2333e60d-2a9b-44fb-a611-fc948c2c6b98,396,Larine,45,2020-05-20
26c02af3-b1ca-4131-a401-f902ecdebd73,997,Gusella,38,2021-01-25
ee062f29-3922-4bce-987e-f5dc48cd766b,662,Wanda,37,2020-08-12
2ace255a-4c5d-4386-9588-ef7fcb97faa5,428,Carmela,4,2020-03-10
10285a2c-b2eb-4d46-8989-1271a9513e74,691,Aurelie,85,2021-04-05
482e28e0-fab8-4cf6-a2b1-918ddfe3ac53,844,Concettina,93,2020-10-29
87246a85-799a-40f9-8e62-a4c87c194769,720,Carlie,18,2020-04-18
e8b108bb-1918-4340-a222-6c7c6c495b7d,582,Winny,76,2021-03-05
ad5216db-4a41-41c6-a023-e7dfdf0eaa89,486,Wilma,84,2020-10-24
068ac2b0-66d3-4f70-9203-e736dac001bc,433,Janey,59,2020-09-24
eabb1c4a-901a-48fb-910a-b91884c68c55,383,Danny,59,2020-03-30
4d147c57-90c5-4583-83ce-a1dcfcde3c29,960,Allyce,36,2021-04-17
6c743c6a-e5f1-4ff0-97ed-8f5651f85c53,668,Janey,74,2020-03-21
b6384d25-28e5-4de7-aeec-5cd3a09db889,272,Candi,91,2020-03-30
e2c7d60b-75aa-41b4-a20a-b757b4fb70ac,539,Konstance,21,2021-01-13
bfe494d1-4999-4efa-aba0-d8322e7812b3,848,Lory,29,2020-03-25
0b8b824e-88c8-43e4-835d-54d4d1457f84,937,Jaime,100,2021-02-12
2bced596-03ce-4dbb-960a-98c8e8fd31a1,894,Hettie,99,2021-04-11
224f9421-4c96-4efc-bbbc-1dc1701357d4,790,Mamie,32,2021-01-22
7ce0d72e-3ac4-477e-80f7-6da94d5957fc,148,Augustine,14,2020-09-19
c3fd941e-5215-49d4-a0b2-cf696aa00861,115,Gloria,13,2021-02-13
69dcd018-7be9-48c7-aab3-b35423dd0296,811,Lyssa,36,2020-04-20
166f499f-2954-4089-acd7-735923b0ae8b,789,Judy,6,2020-01-18
5cd2fefe-b7c2-476a-812a-f41a04c050de,675,Ashlee,16,2021-05-20
89be72e4-fc5c-4bea-8848-38afc34eeb96,118,Emma,100,2021-02-18
4954c220-63c6-4e65-878a-8e47280a8500,391,Debee,12,2020-10-28
594f62b5-5faa-4c46-8f53-ba404271c15c,816,Perry,65,2021-05-11
fefed250-0da7-4ce3-afa7-a1bf63c3b7ea,119,Petronia,69,2020-02-05
1e967a30-7a4e-4380-854e-520d6c944657,593,Mignon,38,2020-03-27
ce5c696c-c1aa-4940-9dd8-e4f84bf572dd,617,Mady,99,2020-11-05
879aa211-8915-4a27-860d-7940c10fb3b6,344,Fawne,26,2021-05-08
9ab55602-d64b-489c-b2a5-de97766f83d3,934,Phylis,37,2021-06-05
6a5fd873-8aaa-4ff4-9014-f382ce036f4c,123,Marnia,74,2020-06-26
87130716-78f5-4bfd-ab54-376501207737,775,Agnese,24,2020-11-21
51f740ab-7dac-44a8-9a5a-08df66a63772,382,Orsola,88,2020-12-16
6ef81c5d-35ee-4294-8fc9-1e599d6cee13,184,Heddie,7,2020-12-16
3acb22ae-7404-4d15-bccd-8b00bdff0a1d,801,Flo,84,2020-07-13
841eed42-ecf9-4496-9c00-a7dd795049b1,966,Wynne,16,2020-09-15
b4e76b65-944e-4c26-8354-f13e7a3db83c,819,Siana,46,2020-08-12
65bb1a30-34d9-4458-b5a7-5b155c0d3395,758,Ardys,88,2021-03-18
01c1279c-b589-4168-b5c4-70b9aafa6697,776,Darlleen,94,2021-03-19
2eed0c07-da9b-4fc6-98cf-70b858ad8e17,176,Aimil,94,2020-02-20
ac229703-92e5-47ee-9568-ddd9db2bb0b5,349,Clementine,89,2020-02-06
b666c9fb-7433-4cbb-aa5f-bf6572f44a0e,372,Kary,96,2021-03-27
5a606564-fba4-480d-a1d4-84f209ce993f,321,Gwyneth,71,2021-02-24
5d1bcada-dd7e-42cf-96f3-5efaa669f7bc,412,Corry,84,2020-04-30
d3eb7965-fb20-4159-9374-44066b610b43,221,Lonnie,84,2020-02-27
0171f855-1e7d-488e-a647-3d3d1ca44d99,229,Winifred,78,2020-01-13
2551193d-0cb7-4cad-bd38-bd925f615d28,214,Vanessa,15,2020-07-28
2cd5f895-f5fd-43a8-96a9-fd94d9061c6c,594,Corina,31,2020-04-02
3907c626-8595-415c-9c71-d2d6a3e0357b,230,Adore,69,2020-10-20
47729530-168b-47e1-adc4-4fbde895b9ff,520,June,80,2020-11-03
8abe605b-2a41-4504-8dfb-fc48d6327347,782,Kalina,42,2020-08-21
4db79fff-6bd8-4c60-90a8-1fe3fe3db399,605,Teddie,67,2020-01-15
cc748c53-4805-483e-bfba-7324ce1eca40,549,Nikki,75,2021-05-17
6bb88d7d-a691-41bc-9213-30999d292b93,260,Albertina,74,2020-07-09
f67e60d6-c178-4810-861d-f726f2a3383b,582,Tiffie,87,2020-05-19
931dec26-b8a5-4196-bd43-52fb02de8b73,795,Vita,96,2020-10-09
b9ef1793-9f8b-4f3d-add0-6e2579d3f0e1,882,Chickie,82,2021-04-06
383faf91-b35b-4b37-8303-cf9346bbe9a2,323,Dolli,5,2020-05-11
7cf3de74-41a9-447d-8ca1-edf93b519227,308,Taffy,50,2021-05-05
50694cce-2201-4aa5-941c-3af6415c965e,885,Monika,48,2020-04-12
9d02efff-faf3-4b18-953f-5bc09d94798b,535,Demetris,32,2021-01-01
c8a83e3e-0c24-422c-8511-31a75578fc60,233,Ernesta,18,2021-04-01
e2e26148-c9ab-4b09-9eed-850a5dccf64d,595,Codie,15,2021-01-09
5c88ea87-30c8-476f-b13d-b3052826bcf3,663,Meghann,60,2020-11-07
c4b1b6c4-07ef-4663-9b36-279eaafab21b,952,Cordi,82,2020-12-22
0abecbf3-fec0-4edb-9bc6-9fa3549486d8,404,Gisela,71,2020-12-21
7923469c-9e24-4fd5-a19e-a117a044c9a3,408,Rubie,75,2021-02-15
c9dcd49d-9178-4d46-8520-73e4ab35957a,391,Wileen,78,2021-04-22
66ba5947-16a1-4a3c-a97e-b45f020386f3,173,Gratia,49,2021-04-30
4a266e29-1ee2-4d30-b76c-197e42306017,125,Jaclyn,76,2020-04-25
45e46a44-8282-4168-a0e4-6d3de73d3e99,783,Raf,61,2020-07-26
686d86dc-3e29-47bf-bdfa-b6eeb0e4ea10,821,Jemie,51,2020-04-11
f5dc53cc-bd11-4aa8-9f63-e2b23e6ab12f,427,Gerianna,57,2020-12-06
1389f37d-e603-4bad-bcab-6af6505af3b1,598,Olivette,72,2021-01-10
46430208-6f4e-49de-82db-d812c3e9a71f,706,Robbi,29,2021-06-04
dfd1732b-d423-4f2d-b9f6-9fd96a48880a,530,Catharine,57,2020-08-24
33f42e91-2c25-4e5d-b584-dfa7b60689de,860,Elyssa,3,2020-12-09
5607de04-4302-41f3-89c6-74fe8afb3596,668,Nita,26,2021-05-12
5957ee2a-0eb1-4e09-96c9-b75f6f4ebb83,896,Deloria,55,2020-06-23
09b714fa-5351-4b46-9db5-6a00137d5f87,756,Emmey,98,2020-08-21
3f61d224-44aa-4bf7-830a-63009f0542b2,545,Delilah,57,2020-12-24
59401665-2699-48e3-8c8c-b87f728497e4,886,Amelia,93,2020-07-23
43964176-021f-43ce-8945-7f63c8b03e6e,488,Wilma,82,2021-01-17
9dd74498-8756-427d-87ac-242ccd1d29de,353,Rivalee,6,2020-04-02
3cdd6f64-672c-4e51-a44b-46e92d354543,674,Kimmy,41,2020-03-12
b46abafe-7e56-4711-9e7f-6e1efdf19955,907,Pearline,29,2021-03-05
f7cfd8ab-0a0f-42a6-baa7-a016d2a98298,850,Brianna,14,2020-12-27
60b835df-112d-4f06-8612-270a769e87a8,653,Britte,88,2021-04-22
4eabd133-0dd2-4de3-8ef1-d773e51a6b51,498,Estell,67,2020-11-29
349ee74f-8200-4f77-af5d-e4ecf73b387a,157,Aubrie,9,2021-05-03
5b431906-838e-4a39-ae48-b2c44f8df38a,501,Rivalee,3,2020-11-16
fc3d8f5f-1da3-49ca-9c5b-8d900c737454,483,Ursulina,42,2020-01-29
a04503a3-253f-4a46-9399-548deee7ae4f,666,Cristine,85,2021-04-29
78a1b7e6-bce6-45d1-a397-41c2c2c58db4,661,Augustine,26,2020-02-15
cd21e3b3-624a-4018-9414-ceaf1fe31de6,493,Corry,20,2021-03-20
8fcc85a6-026b-4d92-a833-3c5c7a905355,387,Marline,46,2020-02-21
770b0320-6ee4-4582-9c2a-cc2790d36f83,195,Candy,77,2020-08-02
5c60d9cb-7c25-482a-b40e-55bd816eef67,247,Blondelle,16,2021-04-21
33016c56-55af-413e-ad87-235693dbf89b,501,Kenna,12,2020-10-27
d568e1f3-ef59-4397-acb1-20bf46c4bfe0,359,Annice,43,2020-07-15
345d4a5f-bf84-4823-b5f7-549ee6732867,383,Jan,34,2020-08-06
1aae9765-0399-41dd-8e9a-3eaff50fbe60,450,Lolita,17,2020-02-19
23d4464c-ed8d-4c29-b256-ac6775247b4e,572,Korrie,60,2020-12-18
e7c1f8e7-0405-45e8-9d80-b8d32c775cdd,669,Magdalena,11,2020-04-20
ac6d1a54-feac-4c2b-8be6-3d7718294f29,231,Donnie,67,2020-01-08
6fe3c32b-a18e-4250-bdd2-6fc17be3814a,901,Lorne,46,2020-10-17
38883623-21be-4a0a-9faa-cf0cc3e80f66,126,Tressa,71,2020-10-16
5336b698-300c-40df-8129-c52e75370985,661,Paule,47,2021-02-12
4bcd5909-39b6-4f73-91c4-bdc60309a235,480,Donetta,39,2020-05-26
0b5bc97f-dd2e-48ae-8ad4-1b19e8d60523,240,Ninnetta,57,2020-01-18
dcb1e8dc-7482-4b8d-bc33-1a528ad126b9,916,Maridel,1,2020-05-01
2bfd9d37-c85f-4f23-8521-65a33dbdccc6,477,Devina,68,2020-05-23
98a394d7-f11e-4074-b199-da805843e890,678,Rubie,2,2020-01-18
a669e5c1-9e6a-4bec-8819-fa8e1f13e19f,900,Perry,67,2021-03-09
95e7db94-abdc-4aa1-8fa8-9e1ade5819ce,982,Celene,20,2020-04-25
8bccb025-9105-4b82-a42a-e8f6a74cf3f6,239,Tiffie,46,2020-05-28
e057c734-9d6d-4b6c-842f-3be856edd603,482,Elena,20,2021-04-23
1dd82a11-9782-4df4-87bf-95ef38dfbcbb,274,Tarra,10,2020-10-31
5e647e1e-ea18-4251-a7ee-dcd879edd5da,402,Kalina,59,2021-04-18
1e80e92e-adba-45c8-bb73-2e0f4026b442,200,Jerry,35,2020-08-13
5b73b12e-b413-4d33-9d3a-f86106eaccd1,680,Consuela,72,2021-01-15
ef9e69d1-5b9d-4fa2-95c9-c33fbacc3ab9,908,Cristine,10,2020-01-25
c5800380-2d83-4939-a349-8c8d281162c1,185,Fina,92,2020-06-20
d4c41b51-55fc-4631-83bf-a2d2813af598,464,Tybie,87,2020-11-21
3854f936-4773-4d4c-9314-6c9f377fd933,445,Myrtice,3,2021-03-05
a539577d-66b7-4858-a799-de67660bbdde,431,Veda,93,2020-12-25
776d8499-a023-4a92-8502-086a5deb14b5,812,Sophia,4,2021-01-09
f8e43dc3-f442-43fe-839f-f1055b824c20,183,Florie,61,2020-03-29
fe1c8d1a-b82f-4678-8303-75ffa6f2c779,229,Dorice,45,2020-05-10
99719fd3-a309-4fa3-9312-6faa0639d690,193,Kamilah,65,2020-07-01
7c11b6d3-0f39-4c90-8024-3e5c783e2d08,264,Pamella,73,2021-03-22
ba0ed80d-88ef-4a9a-be22-80447dad3641,562,Reeba,46,2020-08-08
d8b6b83a-3c70-4b4e-8e95-27706cb6dbad,114,Heida,36,2020-10-07
920756ea-bcdd-4f9c-bd47-5190fa5ca92d,296,Philis,84,2020-07-13
30c1f292-1ec1-4c4f-a577-60d9e587a0fd,458,Lucy,41,2020-04-08
6dfb6a6f-cd78-4dc8-8755-41affb18522a,237,Minne,81,2020-02-03
fc5fff78-2165-4a81-aa97-9bf1f7563a35,251,Merle,36,2021-05-26
b26b70ce-48ae-434b-90d6-fc86f602788e,713,Darlleen,87,2020-11-08
6c3c0c00-99cf-4a86-8dd4-33dc39cfdaf5,866,Vonny,61,2020-03-13
c3d8eea6-9a82-4d5c-8ba1-c578fc4f6b44,628,Tierney,57,2020-09-18
ee7b7f4a-a950-4995-9039-d271e734afc5,336,Fina,20,2020-06-10
3ac879e0-c03e-4e3a-833d-24160fed3938,916,Mildrid,55,2020-03-21
5f663f45-02ba-4067-960d-5a38327059ac,816,Anestassia,75,2020-08-16
619a9f84-2d3a-4a6e-b914-e492e793da2b,425,Ardenia,34,2021-01-13
d1a02992-f4c4-4bcb-97f9-1f7f34bdfeea,846,Sibella,34,2020-06-11
89a3a4a3-3f34-47aa-898a-53ba3b9630d3,734,Correy,71,2020-01-30
632a7676-49d8-435a-ae66-0b25bb9c563f,360,Sashenka,59,2020-11-02
470aa369-489a-47cf-ab47-a674e0425270,640,Jan,81,2020-09-14
dbece412-6738-433c-b032-fafb811b935f,600,Liana,7,2021-03-03
79747f04-2b8a-4e7f-ad18-7845b0022800,326,Fayre,21,2020-04-14
2051774e-5987-4624-95b2-86a0b49fcc69,910,Tabbatha,66,2021-05-28
f0ff01f4-97e3-487c-ac65-a81ed8681fda,505,Jere,12,2020-10-08
1029967f-038d-4991-927e-de5008d20ee1,856,Laurene,88,2021-01-27
9d384b6c-f6d0-44d0-926d-2f6ff96cfa7f,741,Candi,61,2020-08-29
7e0c9568-e0ef-450b-8f7f-a49917bc05c2,342,Ingrid,1,2020-03-01
b8d9f1ce-4030-4f99-9e0a-76acf99d80e1,725,Susette,88,2020-08-02
d6ebfa5f-865e-4503-a1b1-686b335b3170,133,Sheelagh,40,2020-02-24
0fddb68c-cabb-4ec8-9746-625c470fc706,435,Shirlee,100,2020-01-25
b4b4e496-3e35-4547-80c7-9defc8b63d58,965,Beatriz,41,2020-01-23
27f2e33e-79e6-4598-9da7-7983c8334d69,379,Althea,58,2021-03-12
c1c0f785-489d-4ae9-81bb-7b37d648c5db,732,Lizzie,56,2020-06-23
7d53dc60-2988-4cf1-8cf5-34e56ff644bf,149,Orelia,51,2020-02-24
de135360-c2bd-4b00-9534-5a3c1a2782e0,448,Orsola,27,2021-04-01
ffbf7659-76ef-4a28-ac8c-766781b8c2e8,633,Elie,80,2020-06-05
00525440-04df-4d29-ba5f-04cdaafded3d,913,Dorene,34,2021-05-29
acba7e9d-253c-43dc-af6a-1d0ffb00d202,433,Maurene,65,2020-12-11
9f9cf734-e36d-43da-994e-386b6f04194d,846,Lonnie,11,2020-07-07
1a5d9ec8-2bf9-417c-ad87-065b194bd990,465,Kalina,84,2021-02-27
61b8b378-3e68-4bc6-b73c-a22c97d05bc9,906,Frank,28,2020-12-24
0c8e2e4e-5ea2-4838-9437-3da9a7a13f1b,200,Sheree,44,2020-10-03
d7963f1d-12a7-4967-9b17-d4978b86fe9d,116,Raf,69,2021-05-14
edf07c8b-e6a0-44cc-8176-4e73e3ef9f79,743,Kristan,6,2020-03-31
a20c68ca-37a7-4b45-98fa-59e26e821d38,850,Valli,19,2020-11-27
86f823fc-5e8c-4ce6-b9c7-c96afb7e892d,624,Maurene,84,2021-03-11
8efd9cfc-3132-48a9-9992-f6596d3c8267,721,Heddie,43,2021-02-11
d68ecf4b-1bcd-440b-93df-27a55e5b1b43,241,Jinny,77,2020-03-12
26f764db-83ba-45b3-87e3-9e32647acf2d,813,Gabi,17,2020-10-09
7ad593f5-fed9-4eca-b96a-1bf1088c632a,116,Sonni,51,2020-09-19
0c3ac0ae-5f32-456d-9b60-57bc85d69db0,265,Kerrin,57,2020-10-02
fb55f149-2cfd-4986-b5aa-38ddeb86d324,573,Micheline,20,2020-03-01
b90a7328-7077-4f82-9e93-2d61641e9f77,783,Wendi,63,2021-02-22
65df0db0-d25f-401b-9fbb-df9891eb2707,276,Lonnie,79,2020-05-08
e36a7c2c-87d8-44c7-9a69-d825f1c7dc4f,620,Nonnah,10,2021-03-10
e7c4b99d-dfba-4695-ad2b-8657b0d5533d,112,Adore,3,2021-01-21
625ddc45-2c2e-4ef1-8a71-fccdb82de9ce,755,Frieda,17,2020-08-31
540856b0-2470-44c4-92b8-f3ceb231ee28,432,Rebeca,35,2021-05-21
ef061e52-97d4-42cd-869d-18db8040145a,375,Kary,54,2021-03-07
859eef9f-d4a7-4c0b-b763-ae8d5bc167c8,802,Jacquetta,22,2021-01-28
4df6a39c-adac-439c-bd37-fae2653def8f,831,Paule,77,2020-06-17
a8b4c1f9-ff36-45d4-b51e-51ba8b666ae7,377,Michaelina,97,2021-04-16
8fa65eb8-4d57-4368-b72f-49bf3bd3ca70,168,Caritta,97,2020-04-10
49c905dd-db2b-43b0-aa8a-deffb3c571ad,505,Celene,45,2020-02-14
3580fa9b-74fc-4531-a810-407cd806b179,447,Chastity,67,2021-04-18
ad8404df-2025-4af0-8d7a-34fc60e08eed,679,Andree,3,2020-02-24
d2b49b6f-ec19-44f0-ba59-4058f37728f6,752,Trudie,8,2020-02-13
92c14083-8df2-497f-976f-0c21cadcb0d9,590,Ricky,45,2020-07-26
0e1a7a1c-dcf1-413d-bbab-b97771cab621,733,Marylou,29,2020-10-05
b2c5a2e0-4fd2-4b45-9ae0-e3bf279fe1da,884,Marylou,72,2020-08-11
81bf9179-34cc-4be9-8286-03bebb60131e,122,Jinny,21,2020-07-04
8db6b84b-5585-46c0-9a0e-0a6f7ffdc906,255,Giustina,24,2020-12-07
7b6649e2-3105-44ed-bd50-525761bc6d2a,587,Ofilia,64,2021-02-25
c2e4e110-2c54-47d1-be77-dc9629db0665,359,Lonnie,32,2021-03-29
a0bf7ded-9aa6-4ead-9679-833c183d84e5,258,Katleen,30,2021-06-10
61876f99-ab92-4fd8-869b-2502b816ee77,887,Lelah,74,2021-04-28
b222758c-b3ce-43f4-b598-8b7fc9eb6930,524,Steffane,11,2020-03-01
9d1f026b-f2e4-4a8f-b76d-bcaa3e896f60,159,Edyth,74,2021-04-20
c4676e74-c9f2-4b7f-afff-b4ee27898b15,169,Genevra,23,2020-04-02
870e0f9a-6a1c-48b4-9dde-5abc7aede4b8,636,Maridel,20,2021-05-06
d966d9e7-f6d7-46bc-91c5-8e1049fdfbcf,293,Bobinette,80,2020-08-12
52cc028f-db1d-401f-8e28-7dac42c06f0a,927,Shel,56,2020-02-25
38911284-310a-424a-bf31-560c83ece7b7,841,Kore,52,2021-03-15
b385abda-067e-42b4-af36-4eed69acd0a7,793,Julieta,71,2021-02-17
e37e3c37-e6e2-484d-b2c1-9019eaccb5f9,292,Britni,44,2020-09-01
ce8f09b9-3676-4739-a63b-6c89a061d552,266,Jemie,37,2021-02-22
4461e596-fdca-4c8d-a1bf-b551d7aee9d6,198,Ellette,66,2020-06-13
1045d8a0-64ad-4d3e-a8bc-172d48c9c2d6,376,Florencia,64,2020-04-16
832293e2-8f3d-4944-9ca1-6eaca6151f9f,890,Minne,63,2020-12-15
446f3895-08e5-49d4-9b03-af68d86b37d0,310,Cassondra,86,2020-01-22
344c1c82-3cd5-48a9-b746-b3e69045dc7d,675,Sidoney,20,2020-04-19
34b748cf-2dbf-48f4-b2e3-3e4b74e38c95,176,Ingrid,34,2020-10-16
f407d26b-9515-4bbc-bdac-ffff4740557f,258,Joy,64,2021-02-04
b5e7686a-4db8-47bf-926d-51496d431659,111,Bill,87,2020-01-25
2703cd9a-9e8d-4526-90ce-eac440205cd7,356,Di,58,2021-03-21
868af316-6f3a-4086-9f5c-08e2af3f7f57,571,Shauna,83,2020-12-25
64993dfc-0398-4b7f-83fb-baf1729905f6,341,Elbertina,73,2021-04-17
e5bdc0fa-f04b-433f-84b2-ffd009bf52de,363,Sharlene,48,2020-12-24
b7fdaae5-b576-490f-b197-269829040479,968,Ira,3,2020-01-03
262312a5-85c9-4be9-af7b-844c36d67c80,343,Frieda,67,2020-01-27
d2971da0-0a66-40ab-9eb4-f91c7ad6c95b,614,Ellette,60,2020-12-09
d7cdf105-85f2-4fdb-85f7-1147d80d7440,459,Lucille,12,2020-12-19
473cfea2-cdc1-43c8-bda2-df4f16ca23e8,315,Dyann,35,2020-09-09
587d39f0-bcc3-43fd-b4e0-9ecc455e9f08,163,Elka,14,2020-08-13
b7d95e16-6dfc-49e3-9f7a-05eaefc49f79,664,Jaime,73,2020-08-18
f6cf0402-3efe-4387-b30d-917a1408f76e,682,Melodie,74,2021-05-16
768ffe8c-8809-4c6e-ac88-0ff285b43d9c,786,Jenilee,88,2021-03-19
a66c8de8-f218-4e41-b68a-879c66df43b2,321,Flo,91,2021-04-28
52eaa170-69cd-43e9-b09a-8ae000769520,368,Robinia,55,2020-01-02
7b8481e7-8c30-49ed-8628-9076bb775d3e,503,Ashlee,77,2020-09-13
065ac439-0db0-4b45-9d41-5a54528a31c5,915,Abbie,76,2020-03-20
75009c5f-4035-4c2f-9b4a-1904bb361fea,360,Desirae,46,2020-05-01
500c9be0-e69b-4e63-9c50-19fb4ab4360e,442,Tiffie,85,2020-06-27
dcb9d774-1be5-4e95-ae6b-d343da750373,402,Sashenka,11,2020-01-26
0b804c01-a83b-44a7-8931-88c9f6d91176,682,Tami,70,2020-03-07
680e3bc0-46ca-4b95-955e-52a344bcbcc2,572,Elbertina,71,2021-05-01
fe991f49-7b79-4ceb-88fd-f13a8315f977,943,Leontine,40,2020-01-07
5d2dc60f-090e-4e27-b745-85dbaccfbd0a,496,Patricia,83,2020-02-26
70cf8406-e68d-4039-8f3f-0d3904bc806a,831,Jackie,79,2020-11-01
1170d605-81fd-47d0-b018-2dabd5cbdcd9,331,Kathy,74,2020-11-02
ff24173c-292f-4535-815d-74454becc725,446,Katleen,70,2021-05-02
1e464303-15fa-4479-a14d-b1ce917125de,797,Evita,79,2020-10-30
8422c99f-cad0-4d71-8541-7116c9be7246,330,Christy,7,2021-01-08
ff70ce98-b03b-4666-8635-99cdcde12eb5,372,Ariela,13,2020-03-15
3f44df54-5d2a-4fb8-b123-85dcc884c0f7,529,Janeczka,94,2020-12-13
3f8134e1-b5f9-4c53-823b-80fb1e0cb0ad,223,Korrie,98,2021-02-28
a7d96068-41a2-4368-a42f-0433ed2de322,267,Debee,78,2020-09-16
f5320776-7bb4-43a2-88ea-57d7869923f7,756,Genevra,57,2020-10-06
40719803-dd01-4740-ae27-65381cc8cc67,284,Annabela,56,2020-04-24
81c3eb80-9d94-4ee1-91dd-27eae2d0a701,700,Ulrike,54,2020-10-05
c3173307-ce42-48e0-a8af-368af7b06108,294,Daune,36,2020-01-19
156043cc-5f18-4253-8154-aa8a41d5c37b,808,Mara,26,2020-04-24
ea0bdc4c-72fc-480d-bcd8-5faa1308f6c7,521,Zsa Zsa,94,2020-08-20
95690714-6c92-4205-9217-e6cf029a208a,125,Marnia,44,2020-02-18
bd65b852-9dc4-40e9-a198-931799c00b2a,124,Margette,41,2020-03-27
31dd2d44-0ef6-4050-af86-c8c270bb3634,316,Dorice,99,2020-05-29
5e8c9cb8-6f14-4664-a3bc-fc44bf125aed,635,Benita,83,2020-01-20
f195e262-7e0d-47db-b64e-5e5f3e5c1699,512,Abbie,32,2020-09-24
d095d4b9-f725-4aa6-aed6-f4d9a6bfcffa,117,Gretal,86,2021-01-07
9aa3109b-86cd-44e8-af71-d2d21af49e8e,842,Gabriellia,9,2021-06-10
93ba6f25-ad9f-4fd5-ba4d-48dd3cfe3850,692,Ketti,41,2021-02-23
85b6257d-4bd3-4206-8ad1-45eda6628e15,492,Belva,40,2021-01-11
81eb2dc9-65b8-4a5c-94d5-090e4154b68c,467,Dyann,47,2021-03-20
d015d5d4-cb27-405f-b9df-1c019ad3e080,408,Celene,48,2021-02-10
94840c61-bb96-47ce-8f98-2891b2c8c3fb,977,Marguerite,36,2021-03-29
725e18a3-04f9-4719-9d6e-5aab1f07e24b,541,Deane,55,2021-04-10
bd7fd90b-8dea-48b7-b8d2-65cd493b2514,719,Ardenia,42,2020-05-24
20f87d41-5c09-499c-8754-e73dd5b3c04a,322,Tera,13,2020-01-19
b77754c6-8442-4c24-b9b3-23e147906971,809,Gratia,41,2020-08-07
382cf417-a4ed-486c-b271-38c912b0b221,994,Tera,57,2020-02-21
01efe275-6476-4a10-9d2d-a42086955f8a,100,Donnie,38,2020-07-01
93281545-c3d6-48d1-8014-c641fe1e0b12,678,Tomasina,26,2021-01-19
c173ee9c-0224-4d6c-8409-a5db21c8d66a,903,Marita,23,2020-05-18
c02dda94-6f3d-48b9-9a71-1f20ce859854,737,Jacenta,76,2020-04-17
ce97ec3b-040c-4002-a801-caca1966bd94,543,Kathi,1,2020-08-03
06549b2f-d2ba-4161-a791-70642d5cbb1d,441,Florencia,19,2020-11-27
fcfb7991-8e48-46c8-9898-8c1cef5328c3,697,Kittie,85,2020-05-23
2d418ffe-7ace-4bc0-bd4e-4f3eb5a5ee5e,250,Olwen,17,2021-05-25
d09ebe9f-a8c0-4223-8c7b-91a26d2aa9c6,451,Wileen,18,2020-12-09
43a8da48-b9e6-4197-89df-d43f2b3613d6,211,Desirae,46,2020-08-18
2a95e673-a506-4990-a7d9-f603627ab40c,216,Emylee,72,2020-04-30
6341f19c-a335-460d-9097-a296052c6267,445,Bertine,6,2020-06-01
6289fa93-3558-4f6e-bf68-aa5de9e5d831,216,Basia,96,2021-04-04
8aea4e4f-3e5d-43c8-9e7c-62b015fdf7d5,202,Babita,67,2020-01-25
81848498-dabe-47f7-82a5-f638fa31ed20,665,Dulcinea,48,2020-02-02
fdcece53-ad87-4bf2-bf08-1fe7ff82dd9f,313,Jobi,8,2020-11-14
eaf3e488-c96e-484b-9ab3-2616c14d1a88,894,Gwyneth,22,2020-10-18
e2109c58-9664-400c-a0c5-bd9d7a11592c,992,Gui,54,2020-04-26
6c8b32ac-7b49-47a5-a5a3-5082c3ef2f68,584,Cassondra,19,2020-03-31
831c425b-f406-4585-8817-4874c27d6ea2,301,Chere,3,2020-04-30
50a0a1e8-19c5-4e44-a852-24e0e80c7e96,392,Courtnay,4,2020-09-16
c1547d52-b645-48e9-ae49-9fec9d062d12,140,Marline,61,2020-12-13
07b49cb8-8035-4594-a2bd-60651b51c650,373,Pamella,78,2020-05-25
cab316e2-8d66-4140-baea-b177c6282724,490,Malina,78,2020-01-25
ca92ab56-06e4-45ff-94b7-3173adfc5fa2,790,Farrah,35,2020-04-10
2418455c-54e5-4124-aaac-dca4156fec1f,345,Lonnie,33,2020-04-09
a2456235-d4f6-4a62-a065-cda3fa8fcbe0,464,Wanda,98,2021-01-15
b63649c6-53bc-499e-ba74-fa0fa6c3667e,481,Sabina,36,2020-06-14
258a269e-39c1-49a6-bd3a-9282e5dac46a,604,Nelle,100,2020-12-19
a0bf5a5f-c689-4e8b-b9c3-c85d3b1cbaa9,142,Betta,22,2020-07-17
c2aef256-66b6-4812-8f88-e94950dabc19,392,Quintina,4,2020-10-27
4430f4a1-afac-40f4-8011-3f1907be0ebd,212,Alameda,13,2021-05-21
630770ac-06bf-4179-927e-e38fe196c38a,783,Claudina,24,2020-05-20
4efb2e6d-34a6-4211-a1b4-b46746030c81,765,Lanae,32,2021-04-20
d26e38ad-aab4-4b6b-88e6-d1e8c12c584e,588,Susette,81,2020-12-15
3b070a98-13e6-4d7f-a944-160507937398,636,Cassondra,98,2020-06-18
2a9df1fe-5d7b-45db-a9ee-b6fab56de397,431,Karena,85,2020-05-16
3d2b769a-ab20-4207-8abe-5cd4f79318ce,244,Kirstin,7,2020-09-30
37da40c1-9d30-4fb5-9979-cd38a4bb1ace,141,Lindie,61,2020-06-16
3d9e121c-1caa-42cc-9388-ba5daf5d5e4c,342,Catrina,71,2020-02-03
e2e72408-89ff-4df5-92ed-7325611f665c,902,Marylou,19,2020-09-21
945a0ae9-29dd-40d7-9c13-2cb81db05ed6,374,Dale,48,2020-04-23
9d492909-abbb-4c5b-89b3-7bf5e0544434,646,Arlina,5,2020-10-02
515a84f0-0c38-4193-937a-27667caae76f,876,Willetta,33,2021-02-06
7adb5b5d-0526-41f0-b41c-166b0d5f1e9b,567,Mignon,50,2020-10-12
ff2cf313-873b-46be-8ca2-0dc31b847794,147,Lory,51,2021-03-01
be34aafc-ac3d-4e9f-9671-e8ce1923cc8a,548,Natka,34,2020-08-02
63066640-03a6-4151-92cb-23b3063ec456,327,Selia,32,2021-01-15
062f5557-d02e-4af0-92f4-85339546f4a2,631,Rhea,21,2021-02-28
800070e3-29a5-4888-838b-6673ea04426e,131,Jessamyn,81,2020-12-23
d3830b66-28c3-4ef7-be42-6fdfcac6ac44,539,Elyssa,53,2020-09-21
cf017d5d-7a83-4b1b-b62c-4f8889219911,499,Coral,23,2020-02-01
4029b165-a7ff-4716-8377-74834f679ba2,237,Helena,66,2020-04-12
136358e0-5cce-418c-a008-fb35313615fb,523,Alex,85,2021-03-06
7e41685a-ae3e-4760-80f4-324998ab3b60,973,Kamilah,73,2020-10-16
6507b977-9077-4a06-b5d6-bb995a93724b,138,Priscilla,55,2021-03-18
d740c60c-4fd8-4d87-9e25-a8dcb9b8b826,144,Jolyn,1,2020-06-24
2fbdd843-6be3-409a-a2f7-a6a2c402adef,380,Jaclyn,12,2020-05-12
21c56187-bcba-4c60-8b5e-f884f2fe55a5,890,Vere,98,2020-02-20
58facf99-3d7e-442e-a76e-baa7199d806c,585,Ana,91,2020-10-20
2dff66e2-a0f8-4bc7-9a35-76c505319a2f,118,Marti,65,2021-01-10
696bdc82-11b6-4f62-8086-b807b9102c50,205,Feliza,23,2021-02-05
d3a764e7-3efc-4f08-91a8-37f06942487a,615,Cindelyn,10,2021-03-19
2546c201-01cd-4621-bae0-b8af4ec8924e,569,Cathie,88,2020-07-06
2b9dab70-25c9-4297-b4a1-92fcbbd4e049,890,Eugine,77,2020-03-02
478db164-4a72-4eaf-b58d-e21cacf286e4,990,Bee,89,2021-01-24
4866d5b0-6abb-4e91-bf9f-5efe771868a6,506,Hope,44,2021-05-02
2a762ff5-221a-4a87-ae11-67db0e597bbd,114,Ezmeralda,21,2020-05-21
0561b7b1-10d0-4276-877f-e4b1fa538b6b,173,Amara,25,2020-01-20
1c85cd86-5893-46ac-8600-ecd90f0f2d70,105,Merci,20,2020-01-16
a55c5e92-1467-401f-9f99-5524db2bb3fe,220,Moyna,73,2020-04-29
ed424641-f13b-4f1c-a7ba-d260486f2bdd,366,Margette,100,2020-06-12
a3a5a598-037f-42b6-b49d-18a7e0660f0d,583,Sophia,65,2020-04-02
1a6844e4-e17b-4694-9f06-3cdcf99c711c,168,Mariele,43,2020-03-30
c6e6fe47-c024-40e0-bdd7-3d9d66094952,716,Riannon,55,2020-12-31
4bdff9aa-b2e0-43bf-a9ea-c94d841cdb91,848,Molli,16,2020-01-25
56c8ab93-7a56-439f-8297-3550994bc006,108,Delilah,15,2021-04-24
0a6f37ee-3826-4f25-88d9-0dbc7337e3a5,673,Barbara,88,2020-07-16
279b3206-2af4-43fb-97ab-4a61a7e316b7,495,Glenda,66,2020-12-20
8dd5f067-3d55-4cec-b329-be9eff8b98b5,526,Ashlee,62,2020-03-18
9f0ddf84-1ddf-4845-9185-9867c9fff9fd,138,Carilyn,75,2020-12-13
8387336b-2857-4709-9df5-3423a9e95670,474,Cassondra,52,2020-10-05
1755cff2-beb1-477f-8850-226c172317cb,584,Gwenneth,24,2020-11-21
4ab2ef74-3284-416d-b8d1-c854071ff4b6,938,Misha,78,2020-06-24
43337b9f-fc35-403c-b10a-5093d73def11,384,Dolli,35,2020-01-18
adc24339-b59a-4c1b-91fe-915aa13ae74a,710,Dede,67,2021-02-09
542cba1e-d84c-4fc6-bbd6-1c8dda246026,214,Sara-Ann,43,2020-03-03
72b983c7-aecb-40d2-94a2-2d48c9a9694b,500,Beth,57,2020-09-02
18e6b49d-97f1-49d7-9d54-4f8d2578f104,880,Cristine,97,2020-04-16
f38259e4-fe2d-4d22-a650-c97125a6927a,779,Hallie,91,2021-04-15
2fdf2513-4e73-4aa0-8894-7133eaa733ef,575,Sheelagh,42,2021-04-30
19429f2d-8fe9-49b4-ab2a-3f9ac8964a9a,916,Leeanne,9,2020-11-25
0a954e6d-ce79-4166-95b0-1786316ecc69,241,Tiffie,7,2021-02-11
932a616e-2baa-45a2-a354-4e0fdc40ae58,415,Mureil,83,2020-08-28
fe467c09-6b8d-4202-9ff7-16c3bd50fdfb,116,Mamie,24,2021-02-08
5a8fb73d-22de-4abe-b153-5f9df67cb958,934,Elsie,5,2020-10-25
579a017c-4250-429b-af92-5488d31a70f1,441,Camile,100,2020-03-02
ae07e1ed-a43c-44fd-b469-aa2db5868832,342,Renae,15,2020-07-07
85712db9-0f5d-4148-9685-0f032d9b7306,220,Ronna,89,2020-04-07
937a0117-4eb3-41ab-b98b-f82e8bebf6e3,370,Corene,93,2021-05-10
2f347e20-1ec5-4a51-8ac4-6fa2d4c6420a,891,Evita,90,2020-10-30
06145b10-60c5-48d3-a1f1-b3d3032b3cb4,799,Carmencita,49,2020-03-28
ccdaccff-702f-49b9-b57f-43091032caaf,694,Jillayne,19,2020-05-17
2a6c1822-ede2-4090-9661-d09a5e11e5dd,606,Deane,21,2021-03-26
67c98be7-d6c3-47ac-8ca8-7a7ab03d9d4a,700,Cassondra,60,2020-12-22
74105c51-3e65-4860-80c5-97742c619254,441,Ebonee,29,2020-10-05
cbe71fd8-6678-49e7-a157-a973a7d97658,331,Eve,71,2020-01-10
f33ba6b0-d521-4d02-b8ea-e9bd67878fac,384,Roslyn,89,2021-02-17
3792b060-54dc-4879-a020-d8cf359c44f7,246,Gwyneth,61,2020-06-12
8660861e-79fd-462a-b4f2-7be93b900667,861,Quintina,78,2020-01-07
825e6456-752e-45a6-a53d-25b1900e49e1,180,Minda,56,2020-07-12
b35d4c4e-5302-4e6c-909b-ef7d334b57e2,570,Misha,13,2020-11-10
b05bf841-3fe5-4a2e-8684-2556be88e21a,792,Yetty,25,2020-10-16
5666fda2-3ded-4d14-9c43-2ff3552be23d,472,Rhoda,62,2020-06-09
68d23d6e-cf23-46e2-b030-9f1893b4d49e,661,Marika,44,2020-11-16
deb4e75c-1796-4ea2-9f05-0de3a0475fed,346,Miquela,39,2021-03-04
60ebdc38-30dd-49d3-a6d1-aa39d7476401,333,Maud,84,2020-05-31
518ff045-2b9c-4af2-98d7-5de42b839e5e,726,Marjie,84,2020-02-23
fbdd6bcb-8b76-4a3a-86db-a814c0ebc13c,845,Celisse,13,2021-04-03
133a4450-9a80-40e1-ad53-43ac94b2c900,725,Dolli,70,2020-07-29
3b3e5b7f-9a4f-49f7-b639-d214284e3627,767,Kara-Lynn,47,2020-05-13
8bbe2125-c8b9-45fc-ba3d-b3fc1ad2b56d,110,Tera,1,2020-12-05
59a8dbde-d6ce-4bd3-96ec-05cc7ac609e5,738,Jillayne,58,2021-06-08
8b3ea136-56f4-430d-9fb3-14f31238f48f,700,Reeba,8,2020-05-01
292c5080-0bf7-4752-9ee3-9f9fceb280b9,631,Bobbi,53,2020-10-11
1aa14a6d-b59a-4023-8943-4979878a1ffd,471,Celisse,7,2020-07-30
f4955d15-df2b-4e01-80bf-702f2a3e7e02,643,Doralynne,27,2021-04-23
5d02e8d6-a9a8-4c8d-8bcb-dcd7dbdf38f1,747,Oralee,95,2021-04-16
370c7a39-b8c3-4a4a-b836-13123f4f8515,466,Kara-Lynn,30,2020-02-19
e3fc8421-b15b-4b0e-bd5f-8816ca5cdb72,977,Clarice,25,2020-04-06
43b12972-fd9a-4c2f-b3ae-23bb5555f02b,849,Aimil,79,2020-10-10
c46b4e9d-9e32-4ec3-a091-ab3dc10821df,399,Gaylene,57,2021-01-01
3dc33033-2fde-4416-b8f4-8cc09a7e0d7d,534,Almeta,23,2021-02-09
66db930a-f9ab-4b19-b357-337190c88c40,629,Debee,46,2020-12-11
64fdd238-f1e6-48c6-86c0-e70258bc64bd,927,Melisent,73,2020-11-28
ff9dbd8f-46a0-4793-9ab4-a064aeae2e70,181,Ninnetta,40,2020-01-12
8264a330-c23a-428c-84fd-b87349e910c9,769,Nickie,5,2020-09-09
10215b22-1a9c-4f09-af87-7cd6ad86e0e6,493,Paule,86,2020-02-09
c37d22cc-8bd8-4abc-b51f-d79c6edd4790,233,Edith,11,2020-12-11
a3721d39-feb1-4cd6-893f-4d2717696a32,487,Karlee,48,2021-03-02
8bb8661e-e904-4612-8cb0-415db704273d,825,Etta,57,2021-06-03
bc406245-5000-4efd-a401-292ba82565f7,795,Hermione,75,2020-06-22
ae2722d2-e3e8-47cb-8829-62d1cce9c4ab,930,Dode,40,2020-11-03
e4ad9218-d39a-4af3-94d6-8431e5d42ca3,215,Siana,37,2020-09-05
5ef15640-71a6-42ac-bc39-d9b69202db8f,128,Cordi,9,2021-05-04
f02d120b-7100-4e93-9bc1-d8be6aca1e2a,422,Trudie,60,2020-01-13
2d4ad7bf-4f36-4bfb-87ac-f930d42edf7f,121,Deane,68,2020-12-25
989216cd-3a5e-47b5-9452-d3c92459988b,872,Rosaline,93,2020-10-05
4aff340e-443c-424f-927c-080fdadef3a0,675,Georgetta,28,2020-10-23
73cb0ba5-ce87-4166-ab61-339bae787414,875,Karolina,33,2020-10-01
2f5d2d14-b0e7-41c2-9d5c-8ce0ce299e94,538,Violet,33,2020-03-21
20a51bb5-9f6b-47c4-8874-fda7f30e614a,850,Mara,1,2020-05-14
32ffe99a-9c36-4108-8bdc-12a6f659c7bc,460,Charlena,24,2020-01-14
346ac83a-75cc-4ecf-8bfb-8cb10d2f0a9d,810,Gale,45,2021-03-28
2c09e3a7-3810-493e-af8c-6ffae004140b,815,Marnia,27,2021-01-17
3a96f571-ff06-4004-b417-d034eed84183,176,Elbertina,28,2020-04-04
ae5188bb-c0ff-4fda-810a-b9d91ecd1b7f,508,Violet,66,2020-04-28
711f63e8-c3fa-47b4-b77c-4ba598908c41,713,Edyth,50,2020-09-28
72038530-7ff7-4ada-a3d2-0730a4e0de88,283,Esmeralda,79,2020-07-29
7913bdcf-3de7-4c6a-8aa6-8afaf9d02a38,894,Donetta,46,2020-05-26
0a74e099-745d-4aa6-8a76-b717301f4e07,895,Tarra,13,2021-03-22
df236d38-0464-4f68-8480-940b22cfa859,695,Ayn,47,2020-12-13
0b062658-762d-4787-aa0f-f368c318aa34,304,Lila,7,2020-11-13
29ccca5d-15c1-4307-8416-27d43f28d1b4,209,Wanda,14,2020-07-01
b0b97def-9fb9-4e7d-8726-1ea02d36f94a,873,Danika,30,2020-05-30
da6bf617-1c2d-436f-b963-eca9f6408209,870,Lynnea,10,2021-05-27
759a2a73-4f7e-49ac-bfe9-fcfe8aed129b,996,Andeee,12,2020-08-04
99a5352c-8b73-4380-be95-2f4d39fa5ba5,872,Livvyy,45,2020-12-04
94496ead-c790-4849-a3ca-adf8db55987c,773,Maridel,23,2021-05-30
4993f7e1-20f8-40df-8eb4-4be2586c5db3,205,Joeann,32,2020-12-21
09f97a90-1786-4018-b8ac-b069ac152803,973,Tina,88,2020-01-22
dd1f5783-3246-4ddc-84c3-5bf7aa3eb73e,515,Starla,84,2021-04-18
a81e80b7-e115-4f88-a123-b89626db0462,386,Jolyn,75,2021-05-25
6419e2c7-18e9-4540-b389-b589103ba293,476,Miquela,97,2021-04-16
2a3544b6-2d68-4542-93f0-0388332e6cd9,664,Inga,30,2020-11-16
1a6912da-432a-4a57-8b51-a5b98f2bf670,176,Marylou,23,2021-05-23
1a22464b-a31e-4e21-97be-d768b2fbf34a,653,Almeta,68,2021-04-19
462c3927-6286-41ed-b144-d4e999188aad,507,Lyssa,34,2021-04-01
53136c49-de44-463d-ac90-0a7826696691,740,Zondra,5,2020-11-05
92c1cd83-6aa8-4db1-b9d2-4f257383fce5,782,Gerrie,68,2021-05-21
34809553-f9b6-4be8-b91b-be1ec09927c6,330,Constance,95,2020-06-03
41fa0530-85ae-4398-b4e0-5e087ea019bf,915,Maurene,98,2021-03-09
f4b40efe-913e-48db-9bce-0d87f41f59e0,461,Myrtice,54,2020-06-20
e2bb7580-128d-4d6a-ae5d-cfd7c6e06964,517,Rochette,86,2021-02-19
c74e9102-cbfb-451b-ba9f-dd1603171722,571,Marjie,76,2021-01-01
f4db611f-f609-4d1e-8fb3-49f1428572ff,190,Odessa,1,2021-02-13
a403403a-977c-46c0-a502-af9b3b36eeb3,725,Brena,8,2020-09-30
2445df21-c4cd-471b-8f45-2aa54f243377,804,Roseline,99,2021-04-02
808df2e2-41a9-463a-8f44-c105efe5f6b4,784,Cherilyn,38,2020-04-03
cf073864-ad7f-4356-b463-8268cd05ad51,778,Kirstin,6,2020-01-06
a9b0f525-adbe-4967-ae9a-ee34f8d92e24,120,Kenna,23,2021-03-23
7d53e4e9-e736-44b6-a04e-59862af6236e,132,Luci,27,2021-03-19
4e9e8fb5-a994-4b8e-b7b5-23a9ac1042c6,448,Nariko,31,2020-07-25
a5972943-13aa-4c2a-b235-df63be32471c,333,Delilah,56,2020-11-16
be20cf47-08d7-43e8-b7f2-0bdbd5948c0d,910,Annice,22,2021-02-21
60d6c25a-21fb-468d-a524-aa8ae3f92507,140,Basia,62,2020-12-12
e25cff9d-9daf-4a00-b71f-7b6dde7ac020,245,Vere,56,2020-05-21
50ef123f-c8ce-421f-b24f-e4cd2e0b894e,270,Nyssa,78,2020-05-27
5509611a-47b9-43ee-9f9b-e9d73b3380e8,717,Marline,60,2021-05-08
1807f3e3-f3c1-48db-ba07-d3a944aaeaf4,775,Miquela,18,2020-01-02
003f2698-d4bf-4dc5-b565-6ccef7b263d5,218,Sibella,57,2020-04-08
39aba75a-1faf-410d-985a-dec4a94c28f4,771,Alleen,13,2020-03-02
1a03fc1d-2de3-40e2-893d-39a25dc3b6f7,881,Charmaine,4,2020-07-21
9f30f919-6bf4-4998-8c4f-41dec8d2a916,593,Philis,98,2020-10-23
c633baea-c9ef-4579-b459-ae76a36dd1d1,244,Max,18,2020-05-09
40fc3db3-3fe2-4339-aa66-eb449bdbf15a,446,Alyda,18,2020-11-08
e1e7a30c-d640-4368-88d2-39102316de35,536,Norine,88,2020-04-18
62619986-8388-4ea5-b3b5-c95921812765,413,Lexine,60,2020-11-28
23e652da-1c67-477d-9dd9-41b5335cb4f7,757,Clary,86,2021-04-29
63b729f9-7ae1-4ede-8ea4-263ebebb454a,815,Alie,74,2020-12-13
ab050374-c812-4ab1-bd56-343df420b5be,161,Daryl,46,2020-02-16
e9e20fd7-4754-4c16-aacb-482f3d5e7823,658,Latisha,14,2020-12-17
3652f45a-42f6-4cf0-87ba-c9dbc6a62f2c,288,Elie,23,2020-08-09
dd6de8a4-d0e7-4bf2-9dfb-bb36007872f0,414,Babita,20,2020-01-01
cab627d1-c11a-42a8-a2c2-4a583cdf0012,116,Penelopa,43,2020-09-15
00aca5ff-34a6-4971-a14e-ae899d5787b9,253,Tera,24,2020-02-18
31ff7db5-b2c3-4166-b9e5-4b5efcfe35b5,172,Felice,43,2021-03-25
ce6b60ea-66dc-4627-a579-33adb9813d23,317,Farrah,34,2020-07-19
4c1dc74d-aaf1-4a65-a418-5376bb4ba734,157,Nariko,12,2020-05-30
bacb2a00-f5bd-41f7-9af8-2d42cc8f8a6b,612,Rivalee,84,2020-12-26
0ee2fb2f-84e0-43e7-87de-9d8b375c418a,355,Emilia,65,2020-12-05
1640660f-cca5-4068-b5a0-84619fae98d9,748,Dolli,83,2021-02-14
8c99370f-e132-47dd-b27d-a833624539f7,152,Ingrid,43,2021-05-10
f08c5cf9-3057-413f-9711-fb2f5ecd4163,840,Chickie,35,2020-02-03
0c4c64f3-eb02-48b3-a884-a9be5a1c555f,132,Valera,78,2020-05-19
2ed61078-6f94-4055-b179-68a63ac7f08a,675,Romona,19,2020-10-19
04082037-09de-4ffc-a176-28b7de43fe55,167,Kerrin,68,2020-11-09
ef8335d6-4748-425c-9063-910483cc4acd,524,Winifred,16,2020-10-20
0089404d-87af-4207-ae90-c90c9ff626d3,256,Carilyn,8,2020-01-13
80e7b8d2-73c6-4505-9ec0-08d5a46db483,223,Christy,22,2021-03-16
dbeb014c-b6df-4995-be51-68742e51eeb8,196,Nanete,71,2021-05-23
51d9b15f-2c7a-4fff-afc6-0d61a5e89f3e,598,Leia,10,2020-03-06
b70165b4-aa29-497a-a999-2cdcb9d4a85d,521,Barbara,15,2020-08-11
2fd5cd72-6769-4e84-9e2b-54788ddf8533,999,Arabel,93,2020-09-22
4394d211-f474-4d66-9f41-642cae04af8f,541,Antonietta,59,2020-08-24
2d4b347e-6a0e-4195-9fc1-0143c9dbff9c,835,Leanna,22,2020-01-13
49d384ba-3374-4717-b3a5-8dec02195422,735,Alejandra,74,2020-04-27
4aafeda5-827e-4054-a839-339ba74fee12,922,Kittie,94,2020-05-20
35c4794c-de85-45a4-872a-6cf49abb4f23,261,Clo,4,2020-01-30
b99813dc-3857-4136-a842-3f6999379aa4,328,Rayna,6,2020-03-19
150636b5-428a-4676-bd36-b75c285d2ff3,188,Arlena,44,2020-02-26
41562289-334d-481c-b064-b6f14e75bf5c,421,Maurene,87,2020-10-21
7d5bd805-3638-43f4-a607-6a7a403e3a8a,836,Brietta,65,2020-02-25
0f786bd7-adee-4d7d-aa7e-a5f9e30e6c35,930,Riannon,21,2020-09-08
e944f0ff-276c-41ed-8cbe-02d507e2fad9,312,Edee,54,2020-09-11
8fc26bed-6481-4c73-bc26-e1fe62b204da,980,Damaris,48,2020-05-26
55509cd2-e8ab-478b-bad0-11fc70b0de36,648,Melisent,57,2021-04-10
e9b78876-62db-4f78-bd29-f99bd91f668c,281,Korrie,14,2020-12-11
1fe0a026-4289-49fe-bdc5-6a54995597e1,583,Georgina,26,2020-01-16
59af00d7-373a-46a0-a807-ed8fb92ddd7b,354,Kathy,43,2020-07-01
54afcb49-8986-4862-962b-e93cee892778,211,Jacenta,38,2020-05-06
64687bc9-6b50-4ab7-b9c6-ff44c7ccd2fd,870,Chandra,14,2020-07-22
01af36ad-e8bd-4988-ac3c-8cb0d49f7f0a,641,Lulita,73,2020-09-18
43da1c4c-bc3f-4f78-8248-460d40c7cffb,997,Lenna,9,2020-04-07
b1817cf9-e9ba-4510-aead-122892452d19,514,Merry,7,2020-05-26
26e74721-3604-4839-aeca-2ace6aab5672,115,Jere,82,2021-02-15
1312ced2-e854-40d3-a0f0-07bb77b47b9b,881,Lucille,67,2020-07-31
2280dcce-87f0-49c3-909e-32f58c63deb3,765,Ninnetta,23,2021-02-12
544871b4-40c0-4440-beb3-da1ef65518fc,274,Mary,55,2020-08-24
d473d8ff-260b-482d-bce1-561f4b33e81b,378,Kirstin,98,2021-02-26
b017a31a-89a8-481f-8079-7c9b4fd3b7eb,658,Gale,41,2020-12-23
ee28d752-702c-4c3c-a249-0c7e6028e249,333,Sue,83,2021-06-05
bb76e71a-3c93-4f57-88e8-098d0e3438dc,706,Bobbi,14,2021-04-23
6ca92d9b-da31-4f5e-a192-bb1fed83ff78,268,Catharine,88,2020-09-12
dc5d8ee4-dd0c-4025-b3a3-41b1abf687c7,666,Odessa,76,2020-12-22
4a3d3a20-dc54-4bd4-8053-58630624dc2b,245,Alisha,50,2020-09-27
f1f578d4-d271-4051-a547-92ad264fcac2,179,Ira,36,2021-01-12
bc394687-8950-4b83-99f5-f05e8220b2dc,937,Alleen,56,2020-11-02
c8b79787-30c6-46db-a50f-e8b6b657d65a,889,Daryl,13,2021-02-08
c4540a1e-3613-43ab-9322-d9a289ac0708,638,Ida,58,2021-01-09
0ceb65a0-4ce7-42bc-8e55-c5ab42f13ce7,104,Fidelia,12,2021-02-18
555ad842-69c3-425f-8a54-418b9013499b,774,Jemie,3,2020-07-18
45d42ad1-3395-4fc6-a55d-36a21981a5c9,618,Dania,53,2020-11-16
dd94cb45-b1b8-466e-877d-aec74df66cc5,480,Jerry,32,2020-11-15
5e3d8b69-60fc-401b-921f-7362e43b88b7,899,Augustine,52,2021-04-07
b8907604-b72f-4f62-a0bd-cf0c0c3c08ca,566,Trudie,100,2020-11-23
4f04927f-df49-46b6-b83e-fec7d664b7d5,392,Shaine,13,2021-03-28
bc3c0626-bc24-4e4e-bb4c-76a38137922d,580,Lusa,85,2021-02-11
9695b925-266c-43d5-9560-91d55679a725,471,Doralynne,93,2020-11-01
748c322d-6910-4b0b-996a-cab0080c2f66,804,Jobi,79,2020-07-23
2ca23206-2bc6-43e5-83c6-f2e526b2d458,529,Wendi,64,2020-06-20
536855ea-79bc-434c-ad34-73091439ff63,179,Alisha,47,2020-10-11
c9ccee2f-efa5-4594-bc7b-8dda5771229b,426,Allyce,39,2020-09-26
6223b930-7f79-4011-a3e6-521556822a74,863,Heida,54,2020-10-29
950c684a-9cb1-45ff-b965-a412b3fe0ad7,251,Deloria,49,2021-01-10
4717603e-eec2-4c0f-9767-67891ebe8a7b,322,Myrtice,42,2020-07-22
74ee9ff6-62f6-463c-bee8-2ea5b74af03f,691,Damaris,98,2021-04-09
f9d086f9-90ae-4430-bf39-724880783c18,884,Rivalee,36,2020-05-19
da4f00d6-d86f-4214-8d28-10256d1c5091,449,Roz,1,2020-09-21
e0add0a0-7ab6-4900-913a-549dceff1bef,758,Olivette,81,2020-08-25
52a7b79c-fe9b-4f33-aeb6-bb2bebef29e8,855,Genevra,74,2020-03-24
f943177c-c38c-450b-a577-6e2dc29036e9,869,Genevra,23,2020-04-26
7d79cb38-a081-48ee-92dc-37b8d621f2c1,517,Loree,53,2021-04-10
efb36601-516f-4564-a554-3c9fc7d5aedf,149,Bertine,13,2020-04-28
57e8effc-96a9-449d-a6d8-723dfcb55eea,443,Renie,12,2020-12-18
efad2c80-6bce-4d9f-aa2f-3515812edabb,445,Cathie,25,2020-03-29
d72b5cce-979d-4822-a9b4-96f4193a8bce,369,Mamie,71,2021-03-04
ff66e7fc-a05a-48c9-b886-e874ad2d983d,284,Shirlee,30,2021-03-16
8fa8dce2-959b-4a47-b2c9-9e0e65210369,687,Paola,33,2021-03-19
9f036949-1e7e-4be9-859c-b183cdcdf294,315,Raina,4,2021-04-14
668f94e2-f704-4177-b83d-e8d5d5c47bdb,838,Vivia,6,2021-05-06
a70d2b8a-400e-4198-9dd4-607eed0d4292,974,Joane,51,2020-09-22
31166373-f583-4dca-aa9a-858fc84836d1,950,Ottilie,13,2020-01-31
f5eadce5-6315-4f2c-a1a7-ecd03d2c089b,849,Wynne,39,2021-06-03
f950941d-be06-43fb-8b40-cf14372ec2af,200,Brooks,82,2020-03-30
0816004e-49b2-4d5f-be03-d659f304ae3c,396,Arabel,58,2021-02-27
1e4a5ccb-e1b6-47c9-9f0d-8eb6b04f4ebc,154,Sean,10,2020-07-28
f0b00224-f012-44a5-96ae-dbbc9c4a2724,362,Brianna,54,2021-01-16
f3580ab4-51df-4ed0-9e0e-c9a89978e2a6,402,Rebeca,15,2020-12-15
85560c18-ed8d-416f-8de3-4f3e47fcb6c9,331,Winny,44,2021-05-24
2ae46918-8f64-48c1-b964-a3d7eb6fac22,304,Rosaline,2,2020-12-10
db75af2d-03fe-4fbd-8c35-3286707a0306,411,Perry,85,2021-04-22
d4fe0863-475f-4f00-83f0-18e48f5cd85e,149,Tani,56,2020-02-13
42c5c117-fd1b-4e8d-9800-e854929824ed,679,Oralee,81,2021-04-06
277dd119-3f3b-4333-8389-52e4f3313f86,363,Katuscha,11,2020-11-08
dc5b1a66-f0d6-4c07-b760-a5de467ad8a1,164,Theodora,39,2020-08-29
d5f920a1-ffbf-42c9-a1f5-59cfb5699046,903,Gretal,42,2020-10-29
8a1cb1aa-226c-4dd6-9fb5-7f6cdf3de28b,881,Tomasina,39,2020-10-01
6431d55e-a627-4ada-94c3-db8bec025b9b,342,Concettina,36,2020-06-01
6264ac04-f39a-4849-a8cc-d1179d19bfbd,817,Phedra,44,2020-06-26
bd0096ef-d82b-4783-8b24-fb7d2dcec069,381,Mahalia,51,2020-06-22
ff52d5b9-8176-4361-94b2-7bff6429b9e0,455,Jasmina,36,2021-02-22
81fd5595-b793-486d-87fb-2eeb7143c441,453,Hermione,77,2020-12-04
a8f9cdbb-6d5a-4cd6-87a3-14f758a37d68,220,Tina,31,2020-03-24
e42d77f4-ca49-4f57-9daf-d15fa5572ebd,373,Sibella,20,2021-03-23
88b9bbfa-82dc-4006-9b76-4d37aa93f5b1,134,Elie,30,2020-08-28
3b702be3-7129-4188-89a1-1e3dedec9763,533,Damaris,69,2020-02-07
182de9ea-8737-4be4-a89c-645704ce9e2b,366,Genevra,62,2020-12-29
ab6fcbaa-cf31-4d50-8a84-b03bf6950af8,857,Lenna,8,2021-04-11
961318c2-f032-452e-8393-0a3183188d8c,354,Jobi,32,2020-08-02
e84e9e79-a2b6-411c-acf9-fee1ea084afc,754,Elka,94,2020-08-02
e18b51a5-e444-407c-9374-9eb056652a63,969,Pierette,90,2021-04-22
06a3c1c5-9422-458f-802a-0374fd980c69,735,Marcelline,29,2021-04-28
db220286-bbd9-4ead-810f-a0f498213103,775,Emilia,18,2020-10-05
3661fe89-6ff9-406a-a121-b0fb733a48ec,819,Jessamyn,47,2021-06-12
0417adb1-771e-4044-9634-07ed34585c2b,490,Isa,19,2021-01-22
0eb1b1b9-e35c-4efb-b484-87505a9f1838,424,Abbie,73,2020-04-02
99675dcf-5830-44f7-9b0d-bfbfcf6e7561,798,Rayna,47,2021-05-29
0539c07f-fa06-43ff-b258-2892b1f761ea,494,Adriana,71,2021-05-02
f4c138f8-8819-4192-9022-2f3a81370d71,663,Starla,95,2020-05-06
54c5d54c-488f-4fcf-989a-8f14ae181de9,295,Robbi,14,2021-03-17
5c75f4f6-f625-4f72-aeab-794254ba7075,519,Morganica,29,2021-01-27
ccb7a2fa-b315-45e2-b639-ca93aebfdcbc,319,Laure,38,2020-09-18
55c09e82-2613-4e19-8221-e2bf1c39bab6,261,Annabela,9,2020-01-29
ce6eaf22-9f0b-48b9-8d86-e22ca47ed5d6,804,Farrah,44,2020-07-27
9f934868-d3ee-473a-a113-479865ca7e05,214,Romona,38,2021-01-13
35bdbdd3-d778-4599-89b5-702d0c0248a4,967,Nelle,4,2020-06-06
4742a198-237b-4c10-a8d7-b2c00879428a,391,Lilith,38,2020-12-26
114ad3df-ced6-41b7-b65f-1d8c729d2747,331,Di,95,2020-10-19
27652cec-a6b6-437c-bce6-47b0e5bfe592,588,Georgina,68,2020-03-03
d5e7d880-c969-4c4a-85a5-dc3b74005507,890,Shauna,77,2021-02-21
db2716b1-e332-466d-9b14-86041588312d,124,Renae,90,2020-01-18
d6ff9e51-12f7-4364-975a-9a891f00aa22,265,Mary,97,2021-01-24
1382d1a5-4832-4751-a1d6-728a42711aad,689,Janeczka,17,2021-06-08
4bcabefe-ab3f-4ce9-b9e9-fc2c5af8fb60,813,Cristabel,24,2020-04-29
5596180b-2345-42f4-8052-e63880fe3789,442,Cecile,51,2021-03-26
ae0cf348-539f-4608-b55d-38a2b480bf55,733,Justinn,60,2020-03-09
6c9186fa-4ed7-4e04-94e4-9b9ed7b85ba9,520,Calla,50,2021-03-01
de5a1b1b-1472-4def-8a4c-4fef21d7f6fa,254,Jemie,44,2020-10-29
7e50086c-0740-4a6f-8ab5-e7cda4fcfd25,780,Kore,96,2020-01-27
521b4c90-56ce-46e2-83c8-cb694ba64d4c,986,Sissy,55,2020-01-07
794b648a-fbc5-424e-974a-bfc8bfabdb1d,683,Meg,26,2020-04-24
e2821f18-c70f-4fd5-98c1-cedf303483c4,122,Almeta,78,2021-03-06
00827eac-0e54-49ae-9fdc-480f0e4ee308,463,Elena,36,2021-02-06
24964596-1f58-4def-9a54-1abac3ab71f9,826,Gloria,6,2020-05-29
adf7f2e9-916c-428b-bc26-68fbd8a7f963,474,Josephine,5,2020-09-18
e538a307-5c9f-4720-89ab-059294b314df,507,Benita,80,2021-01-01
f9e99756-92e7-4402-9ba3-9c468bdb3a05,533,Tonia,73,2020-01-18
07949c40-1212-4d22-9a67-d416545bef12,469,Jenda,24,2020-08-03
52cc2a03-b913-474c-98b2-1122614d2f6e,368,Allis,24,2021-01-31
5305c254-a5c2-4833-a217-c2f2eb9dfd27,809,Malina,22,2020-06-06
ff45a6bf-4a00-4f06-b1b6-eceff1c5e3b2,916,Bill,34,2021-02-21
802aeae5-d0b9-414b-800d-f4fb32d654c7,750,Gavrielle,41,2021-03-24
0768bebc-044c-471a-9e29-c42210eea71c,825,Betta,72,2020-01-21
2d90e991-bc1f-48e2-8791-b0e8434bc27c,214,Jasmina,45,2020-05-28
0ce5b3bd-33ff-4596-8e8c-0c791519d42b,678,Jackie,37,2020-09-13
1c018319-5a87-4bbe-9ca7-4cba8b590212,866,Lolita,44,2020-12-29
287836d1-e33b-4e91-aeed-56d15fd58ce5,139,Patricia,43,2021-03-28
9ec1ebf7-02aa-43f0-9ba3-462033449a9e,845,Collen,45,2021-04-18
99f92934-4ea5-4a71-92c8-6adbd9af5b4b,118,Cecile,63,2020-09-18
10f646ba-ecde-43d3-b880-566ffcddde92,674,Corene,9,2021-03-20
94edd627-6a9d-4991-a887-d5f65a8228bd,768,Dolli,73,2021-02-20
7165833a-353c-48cd-954d-c09bfbca5210,703,Lenna,5,2020-11-01
fb3c7088-b7c5-47ca-a056-5b7117974088,149,Cordi,50,2020-12-25
ebb2a966-9500-4f8e-aeeb-859eeae6253f,489,Aubrie,15,2020-07-22
18935fe0-4321-4991-8d87-f8f12209cf08,959,Codie,71,2021-06-07
efa5090a-b7b3-46db-9a22-1c70f8144366,782,Myriam,70,2020-11-18
878d50c4-3c29-4b6b-95dd-b1bb3b9997d0,268,Oona,40,2020-05-19
9f28b825-7852-4bd2-8748-8dbe11efc994,521,Andree,52,2021-02-12
9cc368af-03c6-4c8d-a82a-7e2680b0ccc5,695,Alexine,93,2020-02-14
a39fe36c-8f2a-4732-8952-ef703bde5648,525,Daphne,95,2020-01-04
dddeeee5-5a7d-4926-a376-9b53cda3e0eb,985,Susette,80,2020-01-05
31c643e6-ace1-4875-936b-721f8c0ba770,670,Addia,74,2020-10-14
3c17995d-0999-400d-9927-25dd1df8c8b2,920,Brena,26,2020-04-11
b71a93be-988a-454b-8f8b-bfd2eb662dba,308,Sybille,29,2020-07-01
983b1f9f-9c07-446f-8707-45569fccbbd0,317,Hope,55,2021-03-14
3faa0f25-71e8-4cd3-8496-10e98c787ace,745,Kamilah,21,2020-08-11
292b385b-6ebb-4d0f-bc57-07aecc25ba58,289,Sean,13,2020-02-17
f57fd26c-d5c2-46e9-b297-2915b0cd12d7,170,Cam,28,2021-02-03
345d4b94-f5c9-495b-afb4-a1333d5cdab7,290,Ronna,30,2020-03-22
9d2a2e54-482f-4817-a6ef-df74a713d6f3,805,Ermengarde,20,2021-01-19
6067ef8c-9832-4691-bbe0-6e870a4ad2e6,852,Lynde,42,2020-01-07
ebbb6627-d6b1-4aed-bfdd-45179fd52cf4,780,Ruthe,9,2020-02-12
04b8b5d9-c6a3-4087-8449-c178a1c1bf21,814,Alleen,68,2020-11-24
eb8dab23-57d7-4d0e-9abd-29d21438d33e,609,Yolane,72,2020-01-18
9f84ef80-da6c-42ff-a4c4-af4c24ce803f,407,Valeda,59,2020-01-03
5fcf440e-dd99-480a-995f-d3c8153cfb25,234,Roxane,6,2020-06-21
47cf4434-9b47-47a6-99e6-79723e5654d7,379,Gusella,46,2020-12-19
96144136-5c61-4f5f-b0e6-710a5d7435d7,622,Joleen,45,2021-01-09
27f849cd-25c7-4c54-a73d-0b7822eed200,838,Jerry,10,2021-04-30
ca45c4b2-1dbe-481e-aee0-72b74047d00c,849,Aili,14,2020-09-17
8f33f5c5-52a5-4fbe-b3e7-b03d26707a4e,715,Courtnay,96,2020-08-09
91a614f5-868a-4166-a3d4-76b93fd734f8,728,Gilda,46,2020-06-30
d56848ed-e74d-4bde-a47b-7d342dca9d64,539,Orsola,95,2020-02-03
5eff1772-91cc-43e2-8e12-93c0c68c574b,161,Aryn,23,2020-12-24
60110b2c-b467-4599-898e-59ec528bc752,988,Lila,32,2021-01-23
59122833-b5ce-4147-a2ea-c6d0db660643,640,Berta,58,2020-01-22
3adee25f-3832-421e-8df3-b4379f781902,656,Nickie,2,2020-01-04
00917d13-efc0-4c44-95ef-01e074b2153c,855,Carree,17,2020-07-16
ee5b9cf4-409f-4a01-abb9-0162ded10c16,541,Carmencita,19,2020-06-29
35744c06-10aa-4c41-90d5-fbb44961292b,186,Juliane,66,2020-02-28
5661b48d-3ba7-4d2b-a2c9-7e7263504267,234,Bertine,49,2020-05-29
4f45c1eb-560d-4657-a4f5-8593186527a0,441,Emylee,61,2020-12-20
7895eacc-2ccb-4b4d-9a43-2b2c591e080f,657,Lanae,6,2020-06-16
d231ffb1-968f-4825-bd8f-7d72a91ec5fe,786,Tybie,26,2020-08-01
7b903703-94a1-4af9-aba4-3970a5029175,297,Amelia,92,2020-08-19
4df57d62-ef12-4d9b-8b40-fdf2775dabc3,873,Edee,54,2020-04-07
d2abac72-a967-40c6-9942-25d1875b5fb1,228,Beth,48,2021-04-30
75b1b765-0dd5-4861-b6f5-042a51d51666,398,Jaclyn,34,2020-08-23
95917750-a44d-4f17-b64c-a69dbc344019,657,Blake,82,2021-01-06
bf4e24bc-9018-429d-aa44-8a5f7cf81ad7,409,Morganica,8,2020-12-24
d8350ed5-42c4-4b2b-b56f-42234dbe3425,289,Basia,86,2020-01-16
aa589990-a67b-4907-8d62-1f60f1330ac2,234,Nataline,95,2021-02-23
a66cd379-694b-49aa-9e83-e328dcde4340,365,Laurene,20,2020-06-10
f53b4767-acda-4806-ba75-cd5ca3d74606,851,Ileana,12,2020-01-08
9c0f2fb5-9a76-4230-afe6-a1b4df72bb08,515,Paulita,37,2021-04-18
d9f1392c-e53d-4b9f-bb58-40e42742dc61,753,Adele,92,2020-04-08
14531468-a50e-4610-87c8-8b8ed630b87e,531,Peri,78,2020-12-17
64f49d3c-6203-42e9-9a0f-c7bb8d4dfbfa,733,Chastity,24,2020-10-03
02de9adf-ac73-4051-852b-6ac4ae369230,237,Dione,56,2020-10-31
a9380144-3d9b-44fb-b02e-a3252f183a67,949,Yolane,67,2021-03-21
5c36c301-ebe4-4974-bff2-f31520a63ea5,614,Marylou,30,2020-03-26
933c195e-03ed-42c2-81de-e34c83f2d1d6,758,Farrah,91,2020-01-20
49582799-b1c2-4eb7-8119-7262974323e9,407,Riannon,91,2021-02-18
a2416941-0764-4927-88fd-3ab6bd55ed0b,446,Halette,2,2020-07-15
a0aa2c4a-1cc2-44dd-9441-06c5bf23fc09,966,Hermione,78,2021-03-31
0259d67a-7948-427e-9e8e-3e0a4e867b46,279,Ursulina,6,2020-11-16
3e480cfe-8bd5-4630-80cc-fdb97a244ea8,917,Claudina,98,2021-02-27
a8c4f4a8-436f-42d5-9590-172a8364fd88,180,Courtnay,8,2020-06-11
5fba388a-7a46-4237-8445-02e71290c78b,305,Dulce,69,2020-12-23
b1d0de16-e479-451c-8b40-b0ccc6795498,974,Meghann,3,2020-06-05
041b1b34-3204-4bc5-b36f-a5828844d8ba,625,Berta,67,2021-02-05
26ce973c-d449-4292-8bba-908a4c2e6bb8,158,Steffane,31,2020-02-09
5d2405d1-3d97-418d-a636-0cd01f65d6cf,171,Collen,27,2020-01-10
325edc7c-dce0-46af-9cb7-de87af228b69,720,Zaria,47,2021-04-06
37aafdf9-4a0e-4a92-b798-50f2fc5715fa,172,Sashenka,91,2021-01-08
51f77476-e8b8-4e28-9bb4-b4e34d65dc0c,359,Carolina,10,2021-04-26
134baca5-c1fa-4207-a890-9a687cb17ff2,581,Elena,71,2020-07-25
c62c5c4a-bfb3-430d-ae57-636afeefc7df,785,Dorene,50,2020-08-13
cc3fb7e7-d7d4-4e93-843d-74ac92eec998,750,Devina,10,2021-04-29
b27775c3-cced-4766-9d93-ec64b921ddb1,643,Liana,35,2021-04-26
51116ff3-73ad-4843-ac44-43afe6862bb2,961,Dorice,87,2021-04-11
a19f5c89-ae43-45fe-b312-a4ee96cf4b47,961,Kirstin,82,2020-03-27
9fc0d0ee-d91b-4b4c-bbca-56c77c7426b4,287,Lisette,92,2020-11-07
f83c4446-8756-434e-92cc-14928c5c5f85,379,Britni,93,2021-03-22
c14f421d-cbc5-4ca1-9e24-d27eb82ed23e,517,Nickie,80,2020-10-19
1dc91167-afc9-48ef-a5bc-17b856562fc6,342,Collen,52,2020-09-24
39499e0b-2249-4c3e-a8c4-3dc0a5bd88ea,990,Clary,51,2020-11-22
9abcec7a-a926-461a-b079-a684d697b14e,924,Marleah,77,2020-05-05
2f7cb4f1-df80-4682-a85a-aaf000b4f027,685,Chloris,23,2021-05-25
2fa38431-3549-40f0-bcb4-67d05078c8ac,172,Belinda,65,2021-03-19
7002a60f-c785-4177-ac12-e6fad6d7f48b,931,Karly,36,2021-01-28
c21d0188-09b2-4703-8f3b-4d52c46f91fe,890,Darlleen,14,2021-03-14
7287ea98-d0ca-462a-9c4f-b770ab8f4e45,473,Bettine,70,2020-07-22
7fa53e6c-3919-4e30-b569-5a7c112781e3,912,Ellette,64,2020-12-20
7b109e6a-64aa-4582-b2ab-103f36a19f48,358,Doralynne,87,2020-11-16
a2e13a00-719c-4c40-9b62-d0e5b99568e7,902,Elsie,85,2021-06-10
b10cd6a1-aca1-4bdb-a684-d2dc0a1a6ffe,280,Bobbi,24,2021-05-22
f776b3df-99d3-4442-acca-4a4a3ddfb2cc,461,Phylis,66,2020-04-16
fe3f5cb8-46a7-447b-9fe3-bcb03ab42253,250,Brynna,33,2021-02-11
47ffc9bf-1bbd-4b74-8ac4-48347215b328,945,Carmencita,96,2020-06-21
187f0513-83bb-4b75-b9b4-87ecf51ca136,763,Kate,20,2020-12-05
dac81290-0653-4212-b146-1769e0c773a7,678,Annora,39,2020-12-18
0b4aca32-2385-4d3c-9c1b-455510f88c4a,334,Mary,98,2020-01-20
5c47cd13-d443-4b5b-bde4-f9b3ef7ca69b,640,Petronia,31,2020-10-28
7fc681ca-450b-4ead-8aa6-376e5368e90d,309,Desirae,57,2020-06-17
3bd76ca1-3e9d-4f94-b1e9-7573acbe3c64,724,Ardeen,78,2021-06-11
7ecf6317-1551-4db3-8835-a90ecaa6de98,161,Robbi,46,2021-04-27
3bf846c7-d23e-427d-be68-ca777d268a87,862,Kittie,59,2020-11-01
e3127633-a7cb-4da0-ae37-d1649124144d,622,Dyann,70,2020-07-06
58674e6d-a661-437c-904a-b42e50690a1c,576,Ketti,20,2020-03-31
564cc5b6-85f8-4fec-aa2e-80666b1f4aaa,348,Nikki,4,2020-11-14
22f7060e-5bfe-4aae-a986-5e05298ef618,171,Elmira,97,2020-11-15
1517c3a0-9e8d-451c-a93d-78a285ec3d41,416,Candy,45,2020-10-18
c66db7ea-1912-45eb-9d08-d453d17316d8,501,Minne,98,2021-02-24
f71084ff-03dd-4e18-9eb8-6d6ffd9d5a46,525,Merry,77,2021-03-19
352b790a-7e95-415d-bfcd-496684f52e6d,302,Christy,93,2021-04-12
0274e837-d799-470e-b909-8a887e913331,506,Karina,68,2020-02-11
9501ddcb-3157-4b85-b74e-85ea9f7eaa1d,981,Rayna,50,2020-04-24
a3ef60b2-77b5-44ff-a766-a949cc19c407,424,Felice,43,2020-05-04
2fc5f398-c799-48ab-ae61-7affef3ab93d,870,Ada,88,2020-04-14
cff04dd9-bb7e-4b63-b2b3-a703df52217b,667,Verla,37,2021-02-18
8629787f-60d6-4159-b391-b938614499e9,659,Ulrike,88,2021-02-10
853cb42c-e328-491a-94c0-375db87850aa,595,Rozele,69,2020-09-17
72d395c1-dc63-451d-9f2f-7e057c6b39c5,957,Tomasina,84,2020-01-31
58f31781-5e98-487a-9f55-dfd29ed14d2a,786,Caressa,57,2020-08-13
2e801515-fee0-4716-ab09-8b56171ef8e9,158,Grier,97,2020-01-27
b4a570d8-95eb-4774-91fb-8c8f6d2cbb5d,468,Claudina,4,2021-02-11
17dd1cbc-a711-4525-b11a-3e72eafe4be1,319,Gilda,58,2020-09-21
b910ccf3-bdb1-4d1e-881c-774f96bb3dfe,499,Jillayne,68,2020-03-29
1834b0ee-85e2-4fcf-b463-15f37dc681a4,957,Alie,87,2020-02-21
dcfa2201-507d-448a-9084-a7e534e53967,791,Sherrie,93,2021-05-07
c3dc2adf-1c7b-4b60-b174-824fb84dc33f,467,Sadie,49,2020-09-04
37629182-a773-467a-be06-129f733971a5,154,Fredericka,28,2020-03-06
a1459c10-d4a8-465f-bfcf-dfe4815c5754,219,Taffy,15,2020-04-09
25791131-b788-4065-816c-66fd575decf3,358,Karly,96,2021-02-14
1bd6cbf5-406d-4939-a7d3-27672e4cce55,669,Madeleine,76,2020-12-16
4f1e1a72-7117-4abc-801c-80c72c8c399b,159,Katuscha,89,2021-04-10
61dab486-a968-4fc7-b9f3-49a89dc7259f,302,Joeann,36,2020-04-05
e716d42c-2052-4325-a26e-ba76bf21aac1,972,Deane,54,2021-03-03
bb8bd0fa-2134-408a-8354-145b51b01ccb,876,Mireielle,27,2020-03-05
b8f86da7-48b7-4711-89f7-270ee2fe0102,992,Joelly,1,2020-05-03
f5a6290b-85b4-47ee-bf06-cb883f3cb273,819,Janenna,14,2020-07-18
60eed38f-63c9-4ddb-88fd-68877b38679a,156,Nikki,5,2020-06-17
baea1b7e-26a7-47c3-ac60-d4e5b3cdc818,574,Chastity,1,2020-01-07
ecb583ab-0168-4612-95b3-aa424da85437,241,Binny,5,2020-04-17
bdf61703-1f03-4eee-b6e8-8d43083e1c71,471,Brana,17,2020-02-22
6d9ff7c4-295b-4cf1-b7ff-8c1280c018aa,549,Romona,68,2021-02-26
e621d19c-01a3-4ec5-87f3-64958ca7222f,180,Eadie,47,2020-03-13
ab22753f-8f3d-489c-814e-fe3df8e2ae62,909,Mathilda,47,2020-02-10
9e81b00b-071e-4f60-8ffe-7abc0ca2329a,186,Rori,83,2020-02-27
f6390788-bb1b-4112-9d6e-e45ada3153e0,634,Melodie,3,2021-01-16
3547924b-dd0e-4572-a3df-54483b77d2f2,580,Lizzie,54,2020-04-29
16938574-5363-47b1-9fc9-c4a1eecf0d24,802,Arlina,9,2021-06-10
88cad914-59ea-4f6a-b4eb-579b23ca20b7,814,Lorie,29,2020-12-20
5117c351-d8bc-47ce-86e2-16e63ccbb917,848,Carly,46,2020-10-30
73560eb0-b16e-4d5c-9435-7a190f92847e,465,Robbi,12,2020-09-28
7953f21c-638b-4bc4-bbb9-4b205b72b4cd,889,Kelly,83,2020-04-27
96eacdb4-ee39-4d47-92e2-32ca6c0c6ffa,748,Bernie,49,2020-05-17
9dbe27df-e70e-40ac-86fd-e52da4d74d13,338,Chere,87,2020-10-31
d739ba57-c155-4e26-ac4a-7d7affa8d08e,886,Tera,68,2020-01-10
47f2fefd-ae61-474b-8a0e-17e6b46cfee3,554,Gertrud,65,2020-03-05
99e81f6c-ac54-467d-99f7-ab4982774372,678,Leia,87,2020-02-04
2e543ba8-c520-439a-a071-e15965208537,299,Deedee,23,2020-05-22
c96e0219-e6dd-442e-b3a2-fb865b5c8be2,456,Shell,42,2020-01-06
d27ab47e-9918-4ed5-ba37-365d6f7ceeeb,497,Collen,16,2021-05-17
edcb0353-5b46-4966-9fe9-10e46a508009,442,Alisha,38,2020-11-07
12688d24-3633-4a60-8a91-8bfd30be2266,217,Melisent,37,2020-10-08
29fef304-e97c-42f3-9dd0-9a1824d2188c,711,Brana,81,2020-12-12
c64de827-2700-4218-af1c-a58d264767bf,348,Lelah,60,2020-09-23
9e26496e-cfb3-4610-b824-d8842148d0b9,155,Marylou,60,2020-02-07
50868747-8946-4cdc-914c-8b71f15ad318,886,Louella,99,2020-03-07
6badde1e-d25a-460b-a1e6-1d10dffa54ce,608,Nelle,92,2020-05-13
5b5ab06e-73da-4bf8-8094-1c52cbc47905,405,Marti,94,2021-04-30
bdb42ec4-5efd-43ba-ae5d-43612f5362ef,994,Catrina,24,2021-03-15
5b1c2a03-0d04-48dd-8a6c-bbba9713e95d,202,Paola,6,2020-12-19
97525d9f-cb39-45a3-80cb-29859acc16bd,156,Justinn,65,2020-06-23
ec392e27-b71e-4225-b0d5-e4a84ac86a62,812,Lanae,80,2020-04-03
9ca0d338-8ffc-4f15-865f-20fe0becbdf2,205,Dorothy,55,2021-04-30
3acf90a8-cf43-4520-b824-57eda7bf2f07,732,Darci,27,2020-11-01
bae87d15-5f2d-4205-a6c2-c755d227221d,351,Glenda,32,2020-04-18
73941a31-1819-48c9-870c-ed6503e12309,659,Daphne,18,2021-03-19
b842d739-c859-4b5e-8e5e-38f57ce2fbee,964,Lexine,67,2021-03-23
23537ce7-e53e-44bc-a8ec-926e7951eb2b,630,Layla,55,2021-04-27
1b8f1603-b9e5-4c47-b2b4-156d860ef9a8,505,Audrie,91,2020-05-12
0445b596-84de-4ed1-9817-13dd1c67c96a,285,Anthia,35,2020-02-15
7e09dd4c-f2f8-4538-bd72-83d6b54ed839,236,Amii,64,2020-09-21
2e1a665e-72c1-44e7-9be9-2045deeb9b38,444,Chrystel,17,2020-01-30
7cb3e6e9-f54c-4c86-9912-641ccfab18e4,824,Olwen,91,2020-04-23
890e37ad-d58a-4576-b605-ca344fe3b725,621,Gwenneth,47,2020-11-05
0ab21cce-b62f-4a70-a910-09fcca4eb519,943,Sabina,1,2020-02-29
53a3251d-f415-4eb0-9f56-64c31de8a3b1,825,Tybie,35,2020-02-04
99ea578c-6042-4859-bd22-f90596993044,407,Rochette,33,2021-04-09
37ef5783-9e74-4a69-84f2-2d1851270d22,295,Janeczka,50,2020-04-17
05ae297c-5a63-415b-9896-48dd350f22d9,934,Renae,72,2020-02-04
146247cf-ca91-42ae-89c9-d7ee8ad211b2,140,Bill,15,2020-06-23
a9fed48c-4377-4f6b-bd05-0638c0791b5c,727,Kirbee,42,2021-05-09
835110d9-6bc1-4a83-83c7-031af4feda2f,608,Celisse,59,2020-02-08
c2090c4d-287a-48a3-a5ac-dee8e7eefabf,234,Candi,97,2020-12-19
5d3231e4-a079-465a-93e7-2968dc9eb253,707,Stephanie,93,2021-01-30
e6f29deb-1b15-49f9-94ae-d57b623cd0a1,801,Vinita,61,2021-05-12
86822767-e6b2-4ce2-969c-7cab609e083a,401,Kittie,90,2021-05-18
4d37b606-949d-47b9-b3e2-680bc63e2fc4,302,Doralynne,22,2020-05-07
b2df422e-9c6b-4b8f-bff7-8f50acbd009d,202,Emylee,55,2021-02-24
b64f754a-7ae9-4f44-b87f-2c70472beb27,270,Ekaterina,63,2020-02-20
e63c5943-e66c-44eb-99f4-b4da285d11f2,134,Daryl,99,2021-04-08
e08c557e-920f-4bbc-bce8-675129a2d312,144,Maye,89,2020-06-17
f1509975-05b5-425b-829f-a50470a0a80e,731,Zaria,14,2020-09-16
9b1a38e7-f0ef-4a5e-a76d-10ea9a018b0d,479,Carmencita,28,2021-03-16
f992d7a8-a7f7-42f2-b59c-ba97d051e151,958,Cherrita,73,2020-12-20
bb6050bc-c472-4e15-b402-9c61d2b24bfe,568,Daryl,35,2021-01-30
9f6e0a03-70e5-4d76-a437-7fa4a871e6a0,725,Clary,17,2021-05-07
4f478fa8-f06d-444f-96f9-0b6f99113dc3,927,Annaliese,20,2020-05-11
7820d6d3-9d2b-4716-ae20-4bdd162fa25c,570,Ada,82,2021-01-24
509f94ad-ee35-4b8e-9e42-00fbcd5be0a3,596,Corina,9,2020-12-25
554e00b6-040c-4501-8254-b1de418c716f,963,Cam,39,2020-06-19
cfe1cc96-fc08-492d-9b92-880e5322c677,549,Nataline,75,2020-11-05
2423ea09-a4cb-4209-84b3-0f5935e01350,848,Elora,78,2020-10-15
ebf107ce-34ab-406c-8445-08c9a9d1d587,761,Ana,24,2020-03-07
971f0687-c2b9-4fb9-83ab-6990fe053427,787,Aaren,56,2020-11-30
cd7f6bf7-2cd3-4258-9d6b-2460e408046a,343,Nita,86,2021-02-06
1b04d695-9713-4a12-9bda-0b581c2afb47,199,Libbie,23,2020-11-11
f12ef9b6-80dd-49ce-aaac-5248f8863b63,980,Tybie,1,2021-06-08
58ba8d81-4189-4167-a76c-2c14c5afdbf5,741,Stevana,20,2020-08-03